"game_id","home_team","away_team","home_epa","home_success","home_ypp","home_turnovers","away_epa","away_success","away_ypp","away_turnovers","epa_diff","success_diff","ypp_diff","turnover_diff","home_win_prob","away_win_prob","predicted_winner","home_score","away_score","actual_winner","correct"
"2025_01_DAL_PHI","PHI","DAL",0.0330992112869738,0.450696619505346,4.28943908851884,0.0134105782641347,0.0317798450601983,0.460626029654036,4.34685236768802,0.015174672489083,0.00131936622677548,-0.00992941014869009,-0.0574132791691797,-0.00176409422494822,0.726984173059464,0.273015826940536,"PHI",24,20,"PHI",TRUE
"2025_01_KC_LAC","LAC","KC",-0.0102479865610918,0.43659729330149,4.20592985694509,0.0131206877050107,0.0801877463910782,0.480596088171375,4.56825097051726,0.0136648515360115,-0.09043573295217,-0.0439987948698855,-0.362321113572174,-0.000544163831000762,0.250295878155157,0.749704121844843,"KC",27,21,"LAC",FALSE
"2025_01_TB_ATL","ATL","TB",-0.0246610569213534,0.442784256559767,4.20152652960729,0.0162945081472541,0.0323469824219981,0.456000859568067,4.3806465657995,0.0137673425827108,-0.0570080393433515,-0.0132166030083003,-0.179120036192211,0.00252716556454329,0.260132714174688,0.739867285825312,"TB",20,23,"TB",TRUE
"2025_01_CIN_CLE","CLE","CIN",-0.0648381356081337,0.414558773034222,3.94016003711005,0.018005698005698,0.0269283548308645,0.459712961916601,4.18465941614196,0.0141541226690631,-0.0917664904389982,-0.0451541888823785,-0.244499379031903,0.00385157533663487,0.250146477075759,0.749853522924241,"CIN",16,17,"CIN",TRUE
"2025_01_MIA_IND","IND","MIA",-0.00646622925378473,0.444497550483929,4.24183006535948,0.0162649887213582,0.00146630600918314,0.448505385453225,4.26937224129475,0.0167107477759077,-0.00793253526296786,-0.00400783496929641,-0.0275421759352747,-0.000445759054549483,0.698665291070938,0.301334708929062,"IND",33,8,"IND",TRUE
"2025_01_CAR_JAX","JAX","CAR",-0.0134969635943272,0.442601587489634,4.11988479539182,0.0183875530410184,-0.057370200580685,0.430196990089318,3.82022054268368,0.0170544524302595,0.0438732369863579,0.0124045974003154,0.299664252708133,0.00133310061075892,0.74894767999649,0.25105232000351,"JAX",26,10,"JAX",TRUE
"2025_01_LV_NE","NE","LV",-0.0316036006925719,0.444192431658112,4.13384113166485,0.0173211531617036,-0.0483958393801111,0.435959990241522,4.07254974663206,0.0185612034453476,0.0167922386875392,0.00823244141658919,0.0612913850327921,-0.00124005028364392,0.742682546377182,0.257317453622818,"NE",13,20,"LV",FALSE
"2025_01_ARI_NO","NO","ARI",-0.0471066235824416,0.431934371656165,4.10307043949428,0.0146554780758776,-0.0111825944722607,0.441670555296314,4.17971151572476,0.0141564168020422,-0.0359240291101809,-0.00973618364014905,-0.0766410762304766,0.000499061273835318,0.328304097056389,0.671695902943611,"ARI",13,20,"ARI",TRUE
"2025_01_PIT_NYJ","NYJ","PIT",-0.0897729200332247,0.412631578947368,3.69141065830721,0.0177405445361587,-0.0214518915871904,0.432562952742325,3.91918367346939,0.0130062749572162,-0.0683210284460343,-0.0199313737949565,-0.227773015162178,0.00473426957894248,0.251617439556867,0.748382560443133,"PIT",32,34,"PIT",TRUE
"2025_01_NYG_WAS","WAS","NYG",-0.0100884216372913,0.445845272206304,4.04357425052289,0.0167635990420801,-0.0566224143688683,0.419798458802608,3.78365384615385,0.0150996814910935,0.046533992731577,0.0260468134036955,0.259920404369045,0.00166391755098651,0.749006569385529,0.250993430614471,"WAS",21,6,"WAS",TRUE
"2025_01_TEN_DEN","DEN","TEN",-0.0234766567778631,0.426314548455553,4.02808317399618,0.0158246395498769,-0.0276068580386039,0.434583934583935,3.93421052631579,0.015527950310559,0.00413020126074082,-0.00826938612838163,0.0938726476803868,0.000296689239317914,0.717385560274124,0.282614439725876,"DEN",20,12,"DEN",TRUE
"2025_01_SF_SEA","SEA","SF",0.031626689576511,0.465149359886202,4.34166266218164,0.0142570990927301,0.0472092393827463,0.470634211701653,4.67100792751982,0.0173064122476148,-0.0155825498062353,-0.00548485181545055,-0.329345265338175,-0.00304931315488476,0.690033227205276,0.309966772794724,"SEA",13,17,"SF",FALSE
"2025_01_DET_GB","GB","DET",0.0700371541394731,0.471662981496567,4.56798297469851,0.0119006354708261,0.0375197136932062,0.460653474459273,4.58561923660558,0.0134903395449869,0.0325174404462669,0.0110095070372941,-0.0176362619070698,-0.00158970407416074,0.747279673814774,0.252720326185226,"GB",27,13,"GB",TRUE
"2025_01_HOU_LA","LA","HOU",0.0120455516850395,0.459982601130926,4.41393758959091,0.013935400237658,-0.0408121691289122,0.417244567730005,4.02365339578454,0.0145943461273271,0.0528577208139516,0.0427380334009219,0.390284193806371,-0.000658945889669062,0.749473303556442,0.250526696443558,"LA",14,9,"LA",TRUE
"2025_01_BAL_BUF","BUF","BAL",0.0985826462808477,0.487062566277837,4.66903531438415,0.0145232582614186,0.0537050187605786,0.469784909525435,4.59785368105239,0.0149152542372881,0.0448776275202691,0.0172776567524014,0.0711816333317632,-0.000391995975869489,0.748937547206879,0.251062452793121,"BUF",41,40,"BUF",TRUE
"2025_01_MIN_CHI","CHI","MIN",-0.0331434552779648,0.426430996137188,3.97648735304596,0.0153667054714785,-0.0146640261847865,0.440675963129284,4.27284688995215,0.0175046992481203,-0.0184794290931784,-0.0142449669920955,-0.296359536906197,-0.00213799377664184,0.570346862077713,0.429653137922287,"CHI",24,27,"MIN",FALSE
"2025_02_WAS_GB","GB","WAS",0.0700371541394731,0.471662981496567,4.56798297469851,0.0119006354708261,-0.0100884216372913,0.445845272206304,4.04357425052289,0.0167635990420801,0.0801255757767644,0.0258177092902633,0.524408724175619,-0.00486296357125394,0.749931514263153,0.250068485736847,"GB",27,18,"GB",TRUE
"2025_02_CLE_BAL","BAL","CLE",0.0537050187605786,0.469784909525435,4.59785368105239,0.0149152542372881,-0.0648381356081337,0.414558773034222,3.94016003711005,0.018005698005698,0.118543154368712,0.055226136491213,0.657693643942334,-0.00309044376840987,0.749997675418854,0.250002324581146,"BAL",41,17,"BAL",TRUE
"2025_02_JAX_CIN","CIN","JAX",0.0269283548308645,0.459712961916601,4.18465941614196,0.0141541226690631,-0.0134969635943272,0.442601587489634,4.11988479539182,0.0183875530410184,0.0404253184251917,0.0171113744269669,0.0647746207501418,-0.00423343037195526,0.748380094766617,0.251619905233383,"CIN",31,27,"CIN",TRUE
"2025_02_NYG_DAL","DAL","NYG",0.0317798450601983,0.460626029654036,4.34685236768802,0.015174672489083,-0.0566224143688683,0.419798458802608,3.78365384615385,0.0150996814910935,0.0884022594290667,0.0408275708514281,0.563198521534176,7.49909979894207e-05,0.749966144561768,0.250033855438232,"DAL",40,37,"DAL",TRUE
"2025_02_CHI_DET","DET","CHI",0.0375197136932062,0.460653474459273,4.58561923660558,0.0134903395449869,-0.0331434552779648,0.426430996137188,3.97648735304596,0.0153667054714785,0.070663168971171,0.0342224783220846,0.609131883559623,-0.00187636592649161,0.749868482351303,0.250131517648697,"DET",52,21,"DET",TRUE
"2025_02_NE_MIA","MIA","NE",0.00146630600918314,0.448505385453225,4.26937224129475,0.0167107477759077,-0.0316036006925719,0.444192431658112,4.13384113166485,0.0173211531617036,0.0330699067017551,0.00431295379511371,0.135531109629899,-0.000610405385795973,0.747723311185837,0.252276688814163,"MIA",27,33,"NE",FALSE
"2025_02_SF_NO","NO","SF",-0.0471066235824416,0.431934371656165,4.10307043949428,0.0146554780758776,0.0472092393827463,0.470634211701653,4.67100792751982,0.0173064122476148,-0.0943158629651879,-0.038699840045488,-0.567937488025538,-0.00265093417173727,0.250182900897926,0.749817099102074,"SF",21,26,"SF",TRUE
"2025_02_BUF_NYJ","NYJ","BUF",-0.0897729200332247,0.412631578947368,3.69141065830721,0.0177405445361587,0.0985826462808477,0.487062566277837,4.66903531438415,0.0145232582614186,-0.188355566314072,-0.0744309873304683,-0.977624656076942,0.00321728627474003,0.250000030569698,0.749999969430302,"BUF",10,30,"BUF",TRUE
"2025_02_SEA_PIT","PIT","SEA",-0.0214518915871904,0.432562952742325,3.91918367346939,0.0130062749572162,0.031626689576511,0.465149359886202,4.34166266218164,0.0142570990927301,-0.0530785811637013,-0.0325864071438771,-0.422478988712256,-0.00125082413551386,0.261524625122547,0.738475374877453,"SEA",17,31,"SEA",TRUE
"2025_02_LA_TEN","TEN","LA",-0.0276068580386039,0.434583934583935,3.93421052631579,0.015527950310559,0.0120455516850395,0.459982601130926,4.41393758959091,0.013935400237658,-0.0396524097236434,-0.0253986665469919,-0.479727063275125,0.00159255007290102,0.310683909803629,0.689316090196371,"LA",19,33,"LA",TRUE
"2025_02_CAR_ARI","ARI","CAR",-0.0111825944722607,0.441670555296314,4.17971151572476,0.0141564168020422,-0.057370200580685,0.430196990089318,3.82022054268368,0.0170544524302595,0.0461876061084243,0.0114735652069951,0.359490973041075,-0.00289803562821723,0.749140381813049,0.250859618186951,"ARI",27,22,"ARI",TRUE
"2025_02_DEN_IND","IND","DEN",-0.00646622925378473,0.444497550483929,4.24183006535948,0.0162649887213582,-0.0234766567778631,0.426314548455553,4.02808317399618,0.0158246395498769,0.0170104275240784,0.0181830020283759,0.213746891363301,0.000440349171481266,0.741164594888687,0.258835405111313,"IND",29,28,"IND",TRUE
"2025_02_PHI_KC","KC","PHI",0.0801877463910782,0.480596088171375,4.56825097051726,0.0136648515360115,0.0330992112869738,0.450696619505346,4.28943908851884,0.0134105782641347,0.0470885351041044,0.0298994686660292,0.278811881998417,0.000254273271876757,0.749045997858047,0.250954002141953,"KC",17,20,"PHI",FALSE
"2025_02_ATL_MIN","MIN","ATL",-0.0146640261847865,0.440675963129284,4.27284688995215,0.0175046992481203,-0.0246610569213534,0.442784256559767,4.20152652960729,0.0162945081472541,0.00999703073656694,-0.00210829343048291,0.0713203603448651,0.00121019110086623,0.736236870288849,0.263763129711151,"MIN",6,22,"ATL",FALSE
"2025_02_TB_HOU","HOU","TB",-0.0408121691289122,0.417244567730005,4.02365339578454,0.0145943461273271,0.0323469824219981,0.456000859568067,4.3806465657995,0.0137673425827108,-0.0731591515509103,-0.0387562918380625,-0.356993170014956,0.000827003544616272,0.25096124317497,0.74903875682503,"TB",19,20,"TB",TRUE
"2025_02_LAC_LV","LV","LAC",-0.0483958393801111,0.435959990241522,4.07254974663206,0.0185612034453476,-0.0102479865610918,0.43659729330149,4.20592985694509,0.0131206877050107,-0.0381478528190193,-0.000637303059967509,-0.133380110313025,0.00544051574033682,0.32428228110075,0.67571771889925,"LAC",9,20,"LAC",TRUE
"2025_03_MIA_BUF","BUF","MIA",0.0985826462808477,0.487062566277837,4.66903531438415,0.0145232582614186,0.00146630600918314,0.448505385453225,4.26937224129475,0.0167107477759077,0.0971163402716645,0.0385571808246115,0.3996630730894,-0.00218748951448902,0.749981760978699,0.250018239021301,"BUF",31,21,"BUF",TRUE
"2025_03_ATL_CAR","CAR","ATL",-0.057370200580685,0.430196990089318,3.82022054268368,0.0170544524302595,-0.0246610569213534,0.442784256559767,4.20152652960729,0.0162945081472541,-0.0327091436593316,-0.0125872664704483,-0.381305986923606,0.000759944283005399,0.365951955318451,0.634048044681549,"ATL",30,0,"CAR",FALSE
"2025_03_GB_CLE","CLE","GB",-0.0648381356081337,0.414558773034222,3.94016003711005,0.018005698005698,0.0700371541394731,0.471662981496567,4.56798297469851,0.0119006354708261,-0.134875289747607,-0.0571042084623447,-0.627822937588455,0.00610506253487189,0.250003739985459,0.749996260014541,"GB",13,10,"CLE",FALSE
"2025_03_HOU_JAX","JAX","HOU",-0.0134969635943272,0.442601587489634,4.11988479539182,0.0183875530410184,-0.0408121691289122,0.417244567730005,4.02365339578454,0.0145943461273271,0.027315205534585,0.0253570197596293,0.0962313996072721,0.00379320691369134,0.745462536811829,0.254537463188171,"JAX",17,10,"JAX",TRUE
"2025_03_CIN_MIN","MIN","CIN",-0.0146640261847865,0.440675963129284,4.27284688995215,0.0175046992481203,0.0269283548308645,0.459712961916601,4.18465941614196,0.0141541226690631,-0.041592381015651,-0.0190369987873169,0.088187473810196,0.00335057657905717,0.29159789904952,0.70840210095048,"CIN",48,10,"MIN",FALSE
"2025_03_PIT_NE","NE","PIT",-0.0316036006925719,0.444192431658112,4.13384113166485,0.0173211531617036,-0.0214518915871904,0.432562952742325,3.91918367346939,0.0130062749572162,-0.0101517091053816,0.0116294789157866,0.214657458195465,0.00431487820448744,0.675891429185867,0.324108570814133,"NE",14,21,"PIT",FALSE
"2025_03_LA_PHI","PHI","LA",0.0330992112869738,0.450696619505346,4.28943908851884,0.0134105782641347,0.0120455516850395,0.459982601130926,4.41393758959091,0.013935400237658,0.0210536596019344,-0.00928598162558031,-0.124498501072072,-0.000524821973523239,0.74368804693222,0.25631195306778,"PHI",33,26,"PHI",TRUE
"2025_03_NYJ_TB","TB","NYJ",0.0323469824219981,0.456000859568067,4.3806465657995,0.0137673425827108,-0.0897729200332247,0.412631578947368,3.69141065830721,0.0177405445361587,0.122119902455223,0.0433692806206987,0.689235907492289,-0.0039732019534479,0.749998271465302,0.250001728534698,"TB",29,27,"TB",TRUE
"2025_03_IND_TEN","TEN","IND",-0.0276068580386039,0.434583934583935,3.93421052631579,0.015527950310559,-0.00646622925378473,0.444497550483929,4.24183006535948,0.0162649887213582,-0.0211406287848192,-0.00991361589999423,-0.307619539043688,-0.00073703841079918,0.555820524692535,0.444179475307465,"TEN",20,41,"IND",FALSE
"2025_03_LV_WAS","WAS","LV",-0.0100884216372913,0.445845272206304,4.04357425052289,0.0167635990420801,-0.0483958393801111,0.435959990241522,4.07254974663206,0.0185612034453476,0.0383074177428198,0.00988528196478139,-0.0289754961091697,-0.00179760440326751,0.748230904340744,0.251769095659256,"WAS",41,24,"WAS",TRUE
"2025_03_DEN_LAC","LAC","DEN",-0.0102479865610918,0.43659729330149,4.20592985694509,0.0131206877050107,-0.0234766567778631,0.426314548455553,4.02808317399618,0.0158246395498769,0.0132286702167713,0.0102827448459369,0.17784668294891,-0.00270395184486617,0.736963421106339,0.263036578893661,"LAC",23,20,"LAC",TRUE
"2025_03_NO_SEA","SEA","NO",0.031626689576511,0.465149359886202,4.34166266218164,0.0142570990927301,-0.0471066235824416,0.431934371656165,4.10307043949428,0.0146554780758776,0.0787333131589526,0.0332149882300374,0.238592222687362,-0.000398378983147497,0.749922871589661,0.250077128410339,"SEA",44,13,"SEA",TRUE
"2025_03_DAL_CHI","CHI","DAL",-0.0331434552779648,0.426430996137188,3.97648735304596,0.0153667054714785,0.0317798450601983,0.460626029654036,4.34685236768802,0.015174672489083,-0.0649233003381632,-0.0341950335168479,-0.370365014642066,0.000192032982395495,0.252743566175923,0.747256433824077,"DAL",31,14,"CHI",FALSE
"2025_03_ARI_SF","SF","ARI",0.0472092393827463,0.470634211701653,4.67100792751982,0.0173064122476148,-0.0111825944722607,0.441670555296314,4.17971151572476,0.0141564168020422,0.058391833855007,0.0289636564053389,0.491296411795061,0.00314999544557258,0.749701380729675,0.250298619270325,"SF",16,15,"SF",TRUE
"2025_03_KC_NYG","NYG","KC",-0.0566224143688683,0.419798458802608,3.78365384615385,0.0150996814910935,0.0801877463910782,0.480596088171375,4.56825097051726,0.0136648515360115,-0.136810160759947,-0.0607976293687671,-0.784597124363413,0.00143482995508204,0.250003508912641,0.749996491087359,"KC",9,22,"KC",TRUE
"2025_03_DET_BAL","BAL","DET",0.0537050187605786,0.469784909525435,4.59785368105239,0.0149152542372881,0.0375197136932062,0.460653474459273,4.58561923660558,0.0134903395449869,0.0161853050673724,0.00913143506616237,0.0122344444468085,0.00142491469230128,0.742346525192261,0.257653474807739,"BAL",30,38,"DET",FALSE
"2025_04_SEA_ARI","ARI","SEA",-0.0111825944722607,0.441670555296314,4.17971151572476,0.0141564168020422,0.031626689576511,0.465149359886202,4.34166266218164,0.0142570990927301,-0.0428092840487717,-0.0234788045898884,-0.161951146456886,-0.000100682290687821,0.291060503572226,0.708939496427774,"SEA",20,23,"SEA",TRUE
"2025_04_MIN_PIT","PIT","MIN",-0.0214518915871904,0.432562952742325,3.91918367346939,0.0130062749572162,-0.0146640261847865,0.440675963129284,4.27284688995215,0.0175046992481203,-0.0067878654024039,-0.00811301038695894,-0.353663216482766,-0.0044984242909041,0.695854306221008,0.304145693778992,"PIT",24,21,"PIT",TRUE
"2025_04_WAS_ATL","ATL","WAS",-0.0246610569213534,0.442784256559767,4.20152652960729,0.0162945081472541,-0.0100884216372913,0.445845272206304,4.04357425052289,0.0167635990420801,-0.0145726352840621,-0.00306101564653694,0.157952279084397,-0.000469090894825983,0.636044204235077,0.363955795764923,"ATL",34,27,"ATL",TRUE
"2025_04_NO_BUF","BUF","NO",0.0985826462808477,0.487062566277837,4.66903531438415,0.0145232582614186,-0.0471066235824416,0.431934371656165,4.10307043949428,0.0146554780758776,0.145689269863289,0.0551281946216721,0.565964874889871,-0.000132219814458908,0.749999701976776,0.250000298023224,"BUF",31,19,"BUF",TRUE
"2025_04_CLE_DET","DET","CLE",0.0375197136932062,0.460653474459273,4.58561923660558,0.0134903395449869,-0.0648381356081337,0.414558773034222,3.94016003711005,0.018005698005698,0.10235784930134,0.0460947014250506,0.645459199495525,-0.00451535846071115,0.749991238117218,0.250008761882782,"DET",34,10,"DET",TRUE
"2025_04_TEN_HOU","HOU","TEN",-0.0408121691289122,0.417244567730005,4.02365339578454,0.0145943461273271,-0.0276068580386039,0.434583934583935,3.93421052631579,0.015527950310559,-0.0132053110903082,-0.0173393668539299,0.0894428694687539,-0.000933604183231955,0.593792140483856,0.406207859516144,"HOU",26,0,"HOU",TRUE
"2025_04_CAR_NE","NE","CAR",-0.0316036006925719,0.444192431658112,4.13384113166485,0.0173211531617036,-0.057370200580685,0.430196990089318,3.82022054268368,0.0170544524302595,0.0257665998881131,0.013995441568793,0.31362058898117,0.000266700731444171,0.746514230966568,0.253485769033432,"NE",42,13,"NE",TRUE
"2025_04_LAC_NYG","NYG","LAC",-0.0566224143688683,0.419798458802608,3.78365384615385,0.0150996814910935,-0.0102479865610918,0.43659729330149,4.20592985694509,0.0131206877050107,-0.0463744278077765,-0.0167988344988816,-0.42227601079124,0.0019789937860828,0.273462232202291,0.726537767797709,"LAC",21,18,"NYG",FALSE
"2025_04_PHI_TB","TB","PHI",0.0323469824219981,0.456000859568067,4.3806465657995,0.0137673425827108,0.0330992112869738,0.450696619505346,4.28943908851884,0.0134105782641347,-0.000752228864975689,0.0053042400627209,0.0912074772806566,0.000356764318576029,0.724694520235062,0.275305479764938,"TB",25,31,"PHI",FALSE
"2025_04_IND_LA","LA","IND",0.0120455516850395,0.459982601130926,4.41393758959091,0.013935400237658,-0.00646622925378473,0.444497550483929,4.24183006535948,0.0162649887213582,0.0185117809388242,0.0154850506469977,0.172107524231437,-0.0023295884837002,0.743624478578568,0.256375521421432,"LA",27,20,"LA",TRUE
"2025_04_JAX_SF","SF","JAX",0.0472092393827463,0.470634211701653,4.67100792751982,0.0173064122476148,-0.0134969635943272,0.442601587489634,4.11988479539182,0.0183875530410184,0.0607062029770734,0.0280326242120186,0.551123132128003,-0.00108114079340357,0.749756932258606,0.250243067741394,"SF",21,26,"JAX",FALSE
"2025_04_BAL_KC","KC","BAL",0.0801877463910782,0.480596088171375,4.56825097051726,0.0136648515360115,0.0537050187605786,0.469784909525435,4.59785368105239,0.0149152542372881,0.0264827276304996,0.0108111786459401,-0.0296027105351291,-0.00125040270127663,0.746266603469849,0.253733396530151,"KC",37,20,"KC",TRUE
"2025_04_CHI_LV","LV","CHI",-0.0483958393801111,0.435959990241522,4.07254974663206,0.0185612034453476,-0.0331434552779648,0.426430996137188,3.97648735304596,0.0153667054714785,-0.0152523841021463,0.009528994104334,0.096062393586104,0.0031944979738691,0.623563766479492,0.376436233520508,"LV",24,25,"CHI",FALSE
"2025_04_GB_DAL","DAL","GB",0.0317798450601983,0.460626029654036,4.34685236768802,0.015174672489083,0.0700371541394731,0.471662981496567,4.56798297469851,0.0119006354708261,-0.0382573090792747,-0.0110369518425307,-0.221130607010488,0.00327403701825686,0.382485315203667,0.617514684796333,"GB",40,40,"GB",TRUE
"2025_04_NYJ_MIA","MIA","NYJ",0.00146630600918314,0.448505385453225,4.26937224129475,0.0167107477759077,-0.0897729200332247,0.412631578947368,3.69141065830721,0.0177405445361587,0.0912392260424078,0.0358738065058568,0.577961582987542,-0.00102979676025101,0.749977767467499,0.250022232532501,"MIA",27,21,"MIA",TRUE
"2025_04_CIN_DEN","DEN","CIN",-0.0234766567778631,0.426314548455553,4.02808317399618,0.0158246395498769,0.0269283548308645,0.459712961916601,4.18465941614196,0.0141541226690631,-0.0504050116087276,-0.0333984134610478,-0.156576242145781,0.00167051688081379,0.261770623736084,0.738229376263916,"CIN",28,3,"DEN",FALSE
"2025_05_SF_LA","LA","SF",0.0120455516850395,0.459982601130926,4.41393758959091,0.013935400237658,0.0472092393827463,0.470634211701653,4.67100792751982,0.0173064122476148,-0.0351636876977068,-0.0106516105707261,-0.257070337928904,-0.00337101200995683,0.414112061262131,0.585887938737869,"SF",23,26,"SF",TRUE
"2025_05_MIN_CLE","CLE","MIN",-0.0648381356081337,0.414558773034222,3.94016003711005,0.018005698005698,-0.0146640261847865,0.440675963129284,4.27284688995215,0.0175046992481203,-0.0501741094233473,-0.0261171900950616,-0.332686852842099,0.000500998757577704,0.260706171393394,0.739293828606606,"MIN",17,21,"MIN",TRUE
"2025_05_HOU_BAL","BAL","HOU",0.0537050187605786,0.469784909525435,4.59785368105239,0.0149152542372881,-0.0408121691289122,0.417244567730005,4.02365339578454,0.0145943461273271,0.0945171878894907,0.0525403417954307,0.574200285267845,0.000320908109961085,0.749979913234711,0.250020086765289,"BAL",10,44,"HOU",FALSE
"2025_05_MIA_CAR","CAR","MIA",-0.057370200580685,0.430196990089318,3.82022054268368,0.0170544524302595,0.00146630600918314,0.448505385453225,4.26937224129475,0.0167107477759077,-0.0588365065898682,-0.0183083953639067,-0.44915169861107,0.000343704654351802,0.256847156677395,0.743152843322605,"MIA",27,24,"CAR",FALSE
"2025_05_LV_IND","IND","LV",-0.00646622925378473,0.444497550483929,4.24183006535948,0.0162649887213582,-0.0483958393801111,0.435959990241522,4.07254974663206,0.0185612034453476,0.0419296101263264,0.00853756024240648,0.169280318727417,-0.00229621472398938,0.74881637096405,0.25118362903595,"IND",40,6,"IND",TRUE
"2025_05_NYG_NO","NO","NYG",-0.0471066235824416,0.431934371656165,4.10307043949428,0.0146554780758776,-0.0566224143688683,0.419798458802608,3.78365384615385,0.0150996814910935,0.00951579078642674,0.0121359128535564,0.319416593340434,-0.000444203415215992,0.733489871025085,0.266510128974915,"NO",26,14,"NO",TRUE
"2025_05_DAL_NYJ","NYJ","DAL",-0.0897729200332247,0.412631578947368,3.69141065830721,0.0177405445361587,0.0317798450601983,0.460626029654036,4.34685236768802,0.015174672489083,-0.121552765093423,-0.0479944507066679,-0.655441709380812,0.00256587204707571,0.25001115500163,0.74998884499837,"DAL",22,37,"DAL",TRUE
"2025_05_DEN_PHI","PHI","DEN",0.0330992112869738,0.450696619505346,4.28943908851884,0.0134105782641347,-0.0234766567778631,0.426314548455553,4.02808317399618,0.0158246395498769,0.0565758680648369,0.0243820710497932,0.261355914522666,-0.00241406128574217,0.749449968338013,0.250550031661987,"PHI",17,21,"DEN",FALSE
"2025_05_TEN_ARI","ARI","TEN",-0.0111825944722607,0.441670555296314,4.17971151572476,0.0141564168020422,-0.0276068580386039,0.434583934583935,3.93421052631579,0.015527950310559,0.0164242635663432,0.00708662071237903,0.245500989408968,-0.00137153350851677,0.741178631782532,0.258821368217468,"ARI",21,22,"TEN",FALSE
"2025_05_TB_SEA","SEA","TB",0.031626689576511,0.465149359886202,4.34166266218164,0.0142570990927301,0.0323469824219981,0.456000859568067,4.3806465657995,0.0137673425827108,-0.00072029284548715,0.00914850031813491,-0.0389839036178561,0.000489756510019279,0.729272335767746,0.270727664232254,"SEA",35,38,"TB",FALSE
"2025_05_DET_CIN","CIN","DET",0.0269283548308645,0.459712961916601,4.18465941614196,0.0141541226690631,0.0375197136932062,0.460653474459273,4.58561923660558,0.0134903395449869,-0.0105913588623417,-0.000940512542672134,-0.400959820463623,0.000663783124076278,0.711044698953629,0.288955301046371,"CIN",24,37,"DET",FALSE
"2025_05_WAS_LAC","LAC","WAS",-0.0102479865610918,0.43659729330149,4.20592985694509,0.0131206877050107,-0.0100884216372913,0.445845272206304,4.04357425052289,0.0167635990420801,-0.000159564923800468,-0.00924797890481388,0.162355606422195,-0.00364291133706931,0.715060263872147,0.284939736127853,"LAC",10,27,"WAS",FALSE
"2025_05_NE_BUF","BUF","NE",0.0985826462808477,0.487062566277837,4.66903531438415,0.0145232582614186,-0.0316036006925719,0.444192431658112,4.13384113166485,0.0173211531617036,0.13018624697342,0.0428701346197252,0.535194182719299,-0.00279789490028499,0.749999046325684,0.250000953674316,"BUF",20,23,"NE",FALSE
"2025_05_KC_JAX","JAX","KC",-0.0134969635943272,0.442601587489634,4.11988479539182,0.0183875530410184,0.0801877463910782,0.480596088171375,4.56825097051726,0.0136648515360115,-0.0936847099854053,-0.0379945006817414,-0.448366175125444,0.00472270150500688,0.250264758913545,0.749735241086455,"KC",31,28,"JAX",FALSE
"2025_06_PHI_NYG","NYG","PHI",-0.0566224143688683,0.419798458802608,3.78365384615385,0.0150996814910935,0.0330992112869738,0.450696619505346,4.28943908851884,0.0134105782641347,-0.0897216256558422,-0.030898160702738,-0.505785242364996,0.0016891032269588,0.250272529723588,0.749727470276412,"PHI",34,17,"NYG",FALSE
"2025_06_DEN_NYJ","NYJ","DEN",-0.0897729200332247,0.412631578947368,3.69141065830721,0.0177405445361587,-0.0234766567778631,0.426314548455553,4.02808317399618,0.0158246395498769,-0.0662962632553616,-0.0136829695081845,-0.336672515688966,0.00191590498628176,0.252359176753089,0.747640823246911,"DEN",11,13,"DEN",TRUE
"2025_06_LA_BAL","BAL","LA",0.0537050187605786,0.469784909525435,4.59785368105239,0.0149152542372881,0.0120455516850395,0.459982601130926,4.41393758959091,0.013935400237658,0.0416594670755391,0.0098023083945088,0.183916091461474,0.000979853999630147,0.748853802680969,0.251146197319031,"BAL",3,17,"LA",FALSE
"2025_06_DAL_CAR","CAR","DAL",-0.057370200580685,0.430196990089318,3.82022054268368,0.0170544524302595,0.0317798450601983,0.460626029654036,4.34685236768802,0.015174672489083,-0.0891500456408834,-0.0304290395647178,-0.52663182500434,0.0018797799411765,0.250305073801428,0.749694926198572,"DAL",30,27,"CAR",FALSE
"2025_06_ARI_IND","IND","ARI",-0.00646622925378473,0.444497550483929,4.24183006535948,0.0162649887213582,-0.0111825944722607,0.441670555296314,4.17971151572476,0.0141564168020422,0.004716365218476,0.0028269951876152,0.0621185496347199,0.00210857191931595,0.729318469762802,0.270681530237198,"IND",31,27,"IND",TRUE
"2025_06_SEA_JAX","JAX","SEA",-0.0134969635943272,0.442601587489634,4.11988479539182,0.0183875530410184,0.031626689576511,0.465149359886202,4.34166266218164,0.0142570990927301,-0.0451236531708381,-0.0225477723965681,-0.221777866789828,0.00413045394828833,0.283675815910101,0.716324184089899,"SEA",12,20,"SEA",TRUE
"2025_06_LAC_MIA","MIA","LAC",0.00146630600918314,0.448505385453225,4.26937224129475,0.0167107477759077,-0.0102479865610918,0.43659729330149,4.20592985694509,0.0131206877050107,0.0117142925702749,0.0119080921517354,0.0634423843496661,0.00359006007089692,0.737866163253784,0.262133836746216,"MIA",27,29,"LAC",FALSE
"2025_06_NE_NO","NO","NE",-0.0471066235824416,0.431934371656165,4.10307043949428,0.0146554780758776,-0.0316036006925719,0.444192431658112,4.13384113166485,0.0173211531617036,-0.0155030228898697,-0.012258060001947,-0.0307706921705719,-0.00266567508582609,0.599640160799026,0.400359839200974,"NO",19,25,"NE",FALSE
"2025_06_CLE_PIT","PIT","CLE",-0.0214518915871904,0.432562952742325,3.91918367346939,0.0130062749572162,-0.0648381356081337,0.414558773034222,3.94016003711005,0.018005698005698,0.0433862440209434,0.0180041797081026,-0.020976363640667,-0.0049994230484818,0.748439788818359,0.251560211181641,"PIT",23,9,"PIT",TRUE
"2025_06_TEN_LV","LV","TEN",-0.0483958393801111,0.435959990241522,4.07254974663206,0.0185612034453476,-0.0276068580386039,0.434583934583935,3.93421052631579,0.015527950310559,-0.0207889813415072,0.00137605565758775,0.138339220316271,0.00303325313478856,0.534498035907745,0.465501964092255,"LV",20,10,"LV",TRUE
"2025_06_CIN_GB","GB","CIN",0.0700371541394731,0.471662981496567,4.56798297469851,0.0119006354708261,0.0269283548308645,0.459712961916601,4.18465941614196,0.0141541226690631,0.0431087993086086,0.0119500195799662,0.383323558556553,-0.00225348719823702,0.748854041099548,0.251145958900452,"GB",27,18,"GB",TRUE
"2025_06_SF_TB","TB","SF",0.0323469824219981,0.456000859568067,4.3806465657995,0.0137673425827108,0.0472092393827463,0.470634211701653,4.67100792751982,0.0173064122476148,-0.0148622569607481,-0.0146333521335855,-0.290361361720319,-0.00353906966490404,0.681322336196899,0.318677663803101,"TB",30,19,"TB",TRUE
"2025_06_DET_KC","KC","DET",0.0801877463910782,0.480596088171375,4.56825097051726,0.0136648515360115,0.0375197136932062,0.460653474459273,4.58561923660558,0.0134903395449869,0.042668032697872,0.0199426137121024,-0.0173682660883205,0.000174511991024653,0.748698711395264,0.251301288604736,"KC",30,17,"KC",TRUE
"2025_06_BUF_ATL","ATL","BUF",-0.0246610569213534,0.442784256559767,4.20152652960729,0.0162945081472541,0.0985826462808477,0.487062566277837,4.66903531438415,0.0145232582614186,-0.123243703202201,-0.0442783097180699,-0.467508784776864,0.00177124988583542,0.250018799748432,0.749981200251568,"BUF",24,14,"ATL",FALSE
"2025_06_CHI_WAS","WAS","CHI",-0.0100884216372913,0.445845272206304,4.04357425052289,0.0167635990420801,-0.0331434552779648,0.426430996137188,3.97648735304596,0.0153667054714785,0.0230550336406735,0.0194142760691154,0.0670868974769343,0.00139689357060159,0.743928253650665,0.256071746349335,"WAS",24,25,"CHI",FALSE
"2025_07_PIT_CIN","CIN","PIT",0.0269283548308645,0.459712961916601,4.18465941614196,0.0141541226690631,-0.0214518915871904,0.432562952742325,3.91918367346939,0.0130062749572162,0.0483802464180549,0.0271500091742758,0.26547574267257,0.00114784771184693,0.749099045991898,0.250900954008102,"CIN",33,31,"CIN",TRUE
"2025_07_LA_JAX","JAX","LA",-0.0134969635943272,0.442601587489634,4.11988479539182,0.0183875530410184,0.0120455516850395,0.459982601130926,4.41393758959091,0.013935400237658,-0.0255425152793666,-0.0173810136412926,-0.294052794199099,0.0044521528033604,0.502729117870331,0.497270882129669,"JAX",7,35,"LA",FALSE
"2025_07_NO_CHI","CHI","NO",-0.0331434552779648,0.426430996137188,3.97648735304596,0.0153667054714785,-0.0471066235824416,0.431934371656165,4.10307043949428,0.0146554780758776,0.0139631683044768,-0.00550337551897623,-0.126583086448324,0.000711227395600908,0.735298216342926,0.264701783657074,"CHI",26,14,"CHI",TRUE
"2025_07_MIA_CLE","CLE","MIA",-0.0648381356081337,0.414558773034222,3.94016003711005,0.018005698005698,0.00146630600918314,0.448505385453225,4.26937224129475,0.0167107477759077,-0.0663044416173169,-0.0339466124190029,-0.329212204184697,0.00129495022979034,0.251687230658717,0.748312769341283,"MIA",31,6,"CLE",FALSE
"2025_07_LV_KC","KC","LV",0.0801877463910782,0.480596088171375,4.56825097051726,0.0136648515360115,-0.0483958393801111,0.435959990241522,4.07254974663206,0.0185612034453476,0.128583585771189,0.044636097929853,0.495701223885199,-0.00489635190933606,0.749998927116394,0.250001072883606,"KC",31,0,"KC",TRUE
"2025_07_PHI_MIN","MIN","PHI",-0.0146640261847865,0.440675963129284,4.27284688995215,0.0175046992481203,0.0330992112869738,0.450696619505346,4.28943908851884,0.0134105782641347,-0.0477632374717603,-0.0100206563760623,-0.0165921985666895,0.00409412098398555,0.277201185002923,0.722798814997077,"PHI",22,28,"PHI",TRUE
"2025_07_CAR_NYJ","NYJ","CAR",-0.0897729200332247,0.412631578947368,3.69141065830721,0.0177405445361587,-0.057370200580685,0.430196990089318,3.82022054268368,0.0170544524302595,-0.0324027194525396,-0.0175654111419501,-0.128809884376472,0.000686092105899209,0.315522536635399,0.684477463364601,"CAR",6,13,"CAR",TRUE
"2025_07_NE_TEN","TEN","NE",-0.0276068580386039,0.434583934583935,3.93421052631579,0.015527950310559,-0.0316036006925719,0.444192431658112,4.13384113166485,0.0173211531617036,0.00399674265396803,-0.00960849707417694,-0.199630605349063,-0.00179320285114464,0.722710281610489,0.277289718389511,"TEN",13,31,"NE",FALSE
"2025_07_NYG_DEN","DEN","NYG",-0.0234766567778631,0.426314548455553,4.02808317399618,0.0158246395498769,-0.0566224143688683,0.419798458802608,3.78365384615385,0.0150996814910935,0.0331457575910052,0.00651608965294476,0.24442932784233,0.000724958058783372,0.746986120939255,0.253013879060745,"DEN",33,32,"DEN",TRUE
"2025_07_IND_LAC","LAC","IND",-0.0102479865610918,0.43659729330149,4.20592985694509,0.0131206877050107,-0.00646622925378473,0.444497550483929,4.24183006535948,0.0162649887213582,-0.00378175730730708,-0.00790025718243897,-0.0359002084143913,-0.00314430101634744,0.707328081130981,0.292671918869019,"LAC",24,38,"IND",FALSE
"2025_07_GB_ARI","ARI","GB",-0.0111825944722607,0.441670555296314,4.17971151572476,0.0141564168020422,0.0700371541394731,0.471662981496567,4.56798297469851,0.0119006354708261,-0.0812197486117338,-0.0299924262002534,-0.388271458973753,0.00225578133121613,0.25086603598902,0.74913396401098,"GB",23,27,"GB",TRUE
"2025_07_WAS_DAL","DAL","WAS",0.0317798450601983,0.460626029654036,4.34685236768802,0.015174672489083,-0.0100884216372913,0.445845272206304,4.04357425052289,0.0167635990420801,0.0418682666974897,0.0147807574477326,0.303278117165132,-0.00158892655299709,0.748749822378159,0.251250177621841,"DAL",44,22,"DAL",TRUE
"2025_07_ATL_SF","SF","ATL",0.0472092393827463,0.470634211701653,4.67100792751982,0.0173064122476148,-0.0246610569213534,0.442784256559767,4.20152652960729,0.0162945081472541,0.0718702963040997,0.0278499551418858,0.469481397912531,0.00101190410036075,0.749898046255112,0.250101953744888,"SF",20,10,"SF",TRUE
"2025_07_TB_DET","DET","TB",0.0375197136932062,0.460653474459273,4.58561923660558,0.0134903395449869,0.0323469824219981,0.456000859568067,4.3806465657995,0.0137673425827108,0.00517273127120804,0.00465261489120583,0.204972670806081,-0.000277003037723926,0.733469247817993,0.266530752182007,"DET",24,9,"DET",TRUE
"2025_07_HOU_SEA","SEA","HOU",0.031626689576511,0.465149359886202,4.34166266218164,0.0142570990927301,-0.0408121691289122,0.417244567730005,4.02365339578454,0.0145943461273271,0.0724388587054232,0.0479047921561974,0.3180092663971,-0.000337247034596993,0.749859124422073,0.250140875577927,"SEA",27,19,"SEA",TRUE
"2025_08_MIN_LAC","LAC","MIN",-0.0102479865610918,0.43659729330149,4.20592985694509,0.0131206877050107,-0.0146640261847865,0.440675963129284,4.27284688995215,0.0175046992481203,0.00441603962369465,-0.00407866982779403,-0.0669170330070674,-0.00438401154310956,0.725996643304825,0.274003356695175,"LAC",37,10,"LAC",TRUE
"2025_08_MIA_ATL","ATL","MIA",-0.0246610569213534,0.442784256559767,4.20152652960729,0.0162945081472541,0.00146630600918314,0.448505385453225,4.26937224129475,0.0167107477759077,-0.0261273629305365,-0.00572112889345844,-0.0678457116874638,-0.000416239628653597,0.48612779378891,0.51387220621109,"MIA",10,34,"MIA",TRUE
"2025_08_CHI_BAL","BAL","CHI",0.0537050187605786,0.469784909525435,4.59785368105239,0.0149152542372881,-0.0331434552779648,0.426430996137188,3.97648735304596,0.0153667054714785,0.0868484740385434,0.043353913388247,0.621366328006432,-0.000451451234190327,0.749964773654938,0.250035226345062,"BAL",30,16,"BAL",TRUE
"2025_08_BUF_CAR","CAR","BUF",-0.057370200580685,0.430196990089318,3.82022054268368,0.0170544524302595,0.0985826462808477,0.487062566277837,4.66903531438415,0.0145232582614186,-0.155952846861533,-0.0568655761885182,-0.848814771700469,0.00253119416884082,0.250000836529125,0.749999163470875,"BUF",9,40,"BUF",TRUE
"2025_08_NYJ_CIN","CIN","NYJ",0.0269283548308645,0.459712961916601,4.18465941614196,0.0141541226690631,-0.0897729200332247,0.412631578947368,3.69141065830721,0.0177405445361587,0.116701274864089,0.0470813829692324,0.493248757834747,-0.00358642186709555,0.749996721744537,0.250003278255463,"CIN",38,39,"NYJ",FALSE
"2025_08_SF_HOU","HOU","SF",-0.0408121691289122,0.417244567730005,4.02365339578454,0.0145943461273271,0.0472092393827463,0.470634211701653,4.67100792751982,0.0173064122476148,-0.0880214085116584,-0.0533896439716479,-0.647354531735275,-0.00271206612028777,0.25023337265884,0.74976662734116,"SF",26,15,"HOU",FALSE
"2025_08_CLE_NE","NE","CLE",-0.0316036006925719,0.444192431658112,4.13384113166485,0.0173211531617036,-0.0648381356081337,0.414558773034222,3.94016003711005,0.018005698005698,0.0332345349155618,0.0296336586238892,0.193681094554798,-0.000684544843994363,0.747685641050339,0.252314358949661,"NE",32,13,"NE",TRUE
"2025_08_NYG_PHI","PHI","NYG",0.0330992112869738,0.450696619505346,4.28943908851884,0.0134105782641347,-0.0566224143688683,0.419798458802608,3.78365384615385,0.0150996814910935,0.0897216256558422,0.030898160702738,0.505785242364996,-0.0016891032269588,0.749963700771332,0.250036299228668,"PHI",38,20,"PHI",TRUE
"2025_08_TB_NO","NO","TB",-0.0471066235824416,0.431934371656165,4.10307043949428,0.0146554780758776,0.0323469824219981,0.456000859568067,4.3806465657995,0.0137673425827108,-0.0794536060044397,-0.0240664879119025,-0.277576126305219,0.000888135493166776,0.250751249317545,0.749248750682455,"TB",3,23,"TB",TRUE
"2025_08_DAL_DEN","DEN","DAL",-0.0234766567778631,0.426314548455553,4.02808317399618,0.0158246395498769,0.0317798450601983,0.460626029654036,4.34685236768802,0.015174672489083,-0.0552565018380614,-0.0343114811984833,-0.318769193691846,0.000649967060793951,0.257675308734179,0.742324691265821,"DAL",44,24,"DEN",FALSE
"2025_08_TEN_IND","IND","TEN",-0.00646622925378473,0.444497550483929,4.24183006535948,0.0162649887213582,-0.0276068580386039,0.434583934583935,3.93421052631579,0.015527950310559,0.0211406287848192,0.00991361589999423,0.307619539043688,0.00073703841079918,0.744177937507629,0.255822062492371,"IND",38,14,"IND",TRUE
"2025_08_GB_PIT","PIT","GB",-0.0214518915871904,0.432562952742325,3.91918367346939,0.0130062749572162,0.0700371541394731,0.471662981496567,4.56798297469851,0.0119006354708261,-0.0914890457266634,-0.0391000287542421,-0.648799301229122,0.00110563948639009,0.250296758051263,0.749703241948737,"GB",25,35,"GB",TRUE
"2025_08_WAS_KC","KC","WAS",0.0801877463910782,0.480596088171375,4.56825097051726,0.0136648515360115,-0.0100884216372913,0.445845272206304,4.04357425052289,0.0167635990420801,0.0902761680283695,0.0347508159650716,0.524676719994368,-0.00309874750606855,0.749970614910126,0.250029385089874,"KC",28,7,"KC",TRUE
"2025_09_BAL_MIA","MIA","BAL",0.00146630600918314,0.448505385453225,4.26937224129475,0.0167107477759077,0.0537050187605786,0.469784909525435,4.59785368105239,0.0149152542372881,-0.0522387127513954,-0.0212795240722101,-0.328481439757637,0.00179549353861953,0.270396254956722,0.729603745043278,"BAL",6,28,"BAL",TRUE
"2025_09_CHI_CIN","CIN","CHI",0.0269283548308645,0.459712961916601,4.18465941614196,0.0141541226690631,-0.0331434552779648,0.426430996137188,3.97648735304596,0.0153667054714785,0.0600718101088293,0.0332819657794124,0.208172063096001,-0.00121258280241533,0.74961256980896,0.25038743019104,"CIN",42,47,"CHI",FALSE
"2025_09_MIN_DET","DET","MIN",0.0375197136932062,0.460653474459273,4.58561923660558,0.0134903395449869,-0.0146640261847865,0.440675963129284,4.27284688995215,0.0175046992481203,0.0521837398779926,0.019977511329989,0.312772346653427,-0.00401435970313345,0.749462336301804,0.250537663698196,"DET",24,27,"MIN",FALSE
"2025_09_CAR_GB","GB","CAR",0.0700371541394731,0.471662981496567,4.56798297469851,0.0119006354708261,-0.057370200580685,0.430196990089318,3.82022054268368,0.0170544524302595,0.127407354720158,0.0414659914072485,0.747762432014828,-0.00515381695943336,0.749998927116394,0.250001072883606,"GB",13,16,"CAR",FALSE
"2025_09_DEN_HOU","HOU","DEN",-0.0408121691289122,0.417244567730005,4.02365339578454,0.0145943461273271,-0.0234766567778631,0.426314548455553,4.02808317399618,0.0158246395498769,-0.0173355123510491,-0.00906998072554832,-0.00442977821163293,-0.00123029342254987,0.550997644662857,0.449002355337143,"HOU",15,18,"DEN",FALSE
"2025_09_ATL_NE","NE","ATL",-0.0316036006925719,0.444192431658112,4.13384113166485,0.0173211531617036,-0.0246610569213534,0.442784256559767,4.20152652960729,0.0162945081472541,-0.00694254377121855,0.00140817509834473,-0.0676853979424354,0.00102664501444957,0.701304942369461,0.298695057630539,"NE",24,23,"NE",TRUE
"2025_09_SF_NYG","NYG","SF",-0.0566224143688683,0.419798458802608,3.78365384615385,0.0150996814910935,0.0472092393827463,0.470634211701653,4.67100792751982,0.0173064122476148,-0.103831653751615,-0.0508357528990444,-0.887354081365972,-0.00220673075652127,0.250065506152168,0.749934493847832,"SF",24,34,"SF",TRUE
"2025_09_IND_PIT","PIT","IND",-0.0214518915871904,0.432562952742325,3.91918367346939,0.0130062749572162,-0.00646622925378473,0.444497550483929,4.24183006535948,0.0162649887213582,-0.0149856623334056,-0.0119345977416039,-0.322646391890089,-0.00325871376414199,0.635129004716873,0.364870995283127,"PIT",27,20,"PIT",TRUE
"2025_09_LAC_TEN","TEN","LAC",-0.0276068580386039,0.434583934583935,3.93421052631579,0.015527950310559,-0.0102479865610918,0.43659729330149,4.20592985694509,0.0131206877050107,-0.0173588714775121,-0.00201335871755526,-0.271719330629296,0.00240726260554826,0.614440858364105,0.385559141635895,"TEN",20,27,"LAC",FALSE
"2025_09_NO_LA","LA","NO",0.0120455516850395,0.459982601130926,4.41393758959091,0.013935400237658,-0.0471066235824416,0.431934371656165,4.10307043949428,0.0146554780758776,0.0591521752674811,0.0280482294747619,0.310867150096634,-0.000720077838219566,0.749711632728577,0.250288367271423,"LA",34,10,"LA",TRUE
"2025_09_JAX_LV","LV","JAX",-0.0483958393801111,0.435959990241522,4.07254974663206,0.0185612034453476,-0.0134969635943272,0.442601587489634,4.11988479539182,0.0183875530410184,-0.0348988757857839,-0.00664159724811159,-0.0473350487597548,0.000173650404329179,0.343958854675293,0.656041145324707,"JAX",29,30,"JAX",TRUE
"2025_09_KC_BUF","BUF","KC",0.0985826462808477,0.487062566277837,4.66903531438415,0.0145232582614186,0.0801877463910782,0.480596088171375,4.56825097051726,0.0136648515360115,0.0183948998897695,0.00646647810646134,0.100784343866892,0.000858406725407141,0.743832588195801,0.256167411804199,"BUF",28,21,"BUF",TRUE
"2025_09_SEA_WAS","WAS","SEA",-0.0100884216372913,0.445845272206304,4.04357425052289,0.0167635990420801,0.031626689576511,0.465149359886202,4.34166266218164,0.0142570990927301,-0.0417151112138023,-0.0193040876798983,-0.298088411658752,0.00250649994935,0.309375837445259,0.690624162554741,"SEA",14,38,"SEA",TRUE
"2025_09_ARI_DAL","DAL","ARI",0.0317798450601983,0.460626029654036,4.34685236768802,0.015174672489083,-0.0111825944722607,0.441670555296314,4.17971151572476,0.0141564168020422,0.0429624395324591,0.0189554743577227,0.167140851963265,0.00101825568704073,0.748763531446457,0.251236468553543,"DAL",17,27,"ARI",FALSE
"2025_10_LV_DEN","DEN","LV",-0.0234766567778631,0.426314548455553,4.02808317399618,0.0158246395498769,-0.0483958393801111,0.435959990241522,4.07254974663206,0.0185612034453476,0.024919182602248,-0.00964544178596938,-0.0444665726358844,-0.00273656389547065,0.744507521390915,0.255492478609085,"DEN",10,7,"DEN",TRUE
"2025_10_ATL_IND","IND","ATL",-0.00646622925378473,0.444497550483929,4.24183006535948,0.0162649887213582,-0.0246610569213534,0.442784256559767,4.20152652960729,0.0162945081472541,0.0181948276675687,0.00171329392416203,0.040303535752189,-2.95194258958867e-05,0.742737740278244,0.257262259721756,"IND",31,25,"IND",TRUE
"2025_10_NO_CAR","CAR","NO",-0.057370200580685,0.430196990089318,3.82022054268368,0.0170544524302595,-0.0471066235824416,0.431934371656165,4.10307043949428,0.0146554780758776,-0.0102635769982434,-0.00173738156684605,-0.282849896810598,0.00239897435438192,0.667214959859848,0.332785040140152,"CAR",7,17,"NO",FALSE
"2025_10_NYG_CHI","CHI","NYG",-0.0331434552779648,0.426430996137188,3.97648735304596,0.0153667054714785,-0.0566224143688683,0.419798458802608,3.78365384615385,0.0150996814910935,0.0234789590909035,0.00663253733458014,0.19283350689211,0.000267023980384916,0.743819296360016,0.256180703639984,"CHI",24,20,"CHI",TRUE
"2025_10_JAX_HOU","HOU","JAX",-0.0408121691289122,0.417244567730005,4.02365339578454,0.0145943461273271,-0.0134969635943272,0.442601587489634,4.11988479539182,0.0183875530410184,-0.027315205534585,-0.0253570197596293,-0.0962313996072721,-0.00379320691369134,0.382707640528679,0.617292359471321,"JAX",36,29,"HOU",FALSE
"2025_10_BUF_MIA","MIA","BUF",0.00146630600918314,0.448505385453225,4.26937224129475,0.0167107477759077,0.0985826462808477,0.487062566277837,4.66903531438415,0.0145232582614186,-0.0971163402716645,-0.0385571808246115,-0.3996630730894,0.00218748951448902,0.250223793787882,0.749776206212118,"BUF",30,13,"MIA",FALSE
"2025_10_BAL_MIN","MIN","BAL",-0.0146640261847865,0.440675963129284,4.27284688995215,0.0175046992481203,0.0537050187605786,0.469784909525435,4.59785368105239,0.0149152542372881,-0.068369044945365,-0.0291089463961514,-0.325006791100235,0.00258944501083216,0.252575563732535,0.747424436267465,"BAL",19,27,"BAL",TRUE
"2025_10_CLE_NYJ","NYJ","CLE",-0.0897729200332247,0.412631578947368,3.69141065830721,0.0177405445361587,-0.0648381356081337,0.414558773034222,3.94016003711005,0.018005698005698,-0.024934784425091,-0.00192719408685388,-0.248749378802845,-0.000265153469539325,0.422876492142677,0.577123507857323,"CLE",27,20,"NYJ",FALSE
"2025_10_NE_TB","TB","NE",0.0323469824219981,0.456000859568067,4.3806465657995,0.0137673425827108,-0.0316036006925719,0.444192431658112,4.13384113166485,0.0173211531617036,0.0639505831145701,0.0118084279099556,0.246805434134647,-0.00355381057899286,0.7497638463974,0.2502361536026,"TB",23,28,"NE",FALSE
"2025_10_ARI_SEA","SEA","ARI",0.031626689576511,0.465149359886202,4.34166266218164,0.0142570990927301,-0.0111825944722607,0.441670555296314,4.17971151572476,0.0141564168020422,0.0428092840487717,0.0234788045898884,0.161951146456886,0.000100682290687821,0.748800188302994,0.251199811697006,"SEA",44,22,"SEA",TRUE
"2025_10_LA_SF","SF","LA",0.0472092393827463,0.470634211701653,4.67100792751982,0.0173064122476148,0.0120455516850395,0.459982601130926,4.41393758959091,0.013935400237658,0.0351636876977068,0.0106516105707261,0.257070337928904,0.00337101200995683,0.748338162899017,0.251661837100983,"SF",26,42,"LA",FALSE
"2025_10_DET_WAS","WAS","DET",-0.0100884216372913,0.445845272206304,4.04357425052289,0.0167635990420801,0.0375197136932062,0.460653474459273,4.58561923660558,0.0134903395449869,-0.0476081353304975,-0.0148082022529692,-0.542044986082689,0.0032732594970932,0.290712229907513,0.709287770092487,"DET",22,44,"DET",TRUE
"2025_10_PIT_LAC","LAC","PIT",-0.0102479865610918,0.43659729330149,4.20592985694509,0.0131206877050107,-0.0214518915871904,0.432562952742325,3.91918367346939,0.0130062749572162,0.0112039050260985,0.00403434055916491,0.286746183475698,0.000114412747794545,0.735308855772018,0.264691144227982,"LAC",25,10,"LAC",TRUE
"2025_10_PHI_GB","GB","PHI",0.0700371541394731,0.471662981496567,4.56798297469851,0.0119006354708261,0.0330992112869738,0.450696619505346,4.28943908851884,0.0134105782641347,0.0369379428524993,0.0209663619912208,0.278543886179667,-0.00150994279330864,0.747930943965912,0.252069056034088,"GB",7,10,"PHI",FALSE
"2025_11_NYJ_NE","NE","NYJ",-0.0316036006925719,0.444192431658112,4.13384113166485,0.0173211531617036,-0.0897729200332247,0.412631578947368,3.69141065830721,0.0177405445361587,0.0581693193406527,0.0315608527107431,0.442430473357643,-0.000419391374455038,0.749686628580093,0.250313371419907,"NE",27,14,"NE",TRUE
"2025_11_WAS_MIA","MIA","WAS",0.00146630600918314,0.448505385453225,4.26937224129475,0.0167107477759077,-0.0100884216372913,0.445845272206304,4.04357425052289,0.0167635990420801,0.0115547276464745,0.0026601132469215,0.225797990771861,-5.28512661723858e-05,0.738406419754028,0.261593580245972,"MIA",16,13,"MIA",TRUE
"2025_11_CAR_ATL","ATL","CAR",-0.0246610569213534,0.442784256559767,4.20152652960729,0.0162945081472541,-0.057370200580685,0.430196990089318,3.82022054268368,0.0170544524302595,0.0327091436593316,0.0125872664704483,0.381305986923606,-0.000759944283005399,0.747915297746658,0.252084702253342,"ATL",27,30,"CAR",FALSE
"2025_11_TB_BUF","BUF","TB",0.0985826462808477,0.487062566277837,4.66903531438415,0.0145232582614186,0.0323469824219981,0.456000859568067,4.3806465657995,0.0137673425827108,0.0662356638588495,0.0310617067097696,0.288388748584652,0.000755915678707869,0.749782711267471,0.250217288732529,"BUF",44,32,"BUF",TRUE
"2025_11_LAC_JAX","JAX","LAC",-0.0134969635943272,0.442601587489634,4.11988479539182,0.0183875530410184,-0.0102479865610918,0.43659729330149,4.20592985694509,0.0131206877050107,-0.00324897703323535,0.00600429418814408,-0.0860450615532704,0.00526686533600764,0.712888300418854,0.287111699581146,"JAX",35,6,"JAX",TRUE
"2025_11_CHI_MIN","MIN","CHI",-0.0146640261847865,0.440675963129284,4.27284688995215,0.0175046992481203,-0.0331434552779648,0.426430996137188,3.97648735304596,0.0153667054714785,0.0184794290931784,0.0142449669920955,0.296359536906197,0.00213799377664184,0.742765128612518,0.257234871387482,"MIN",17,19,"CHI",FALSE
"2025_11_GB_NYG","NYG","GB",-0.0566224143688683,0.419798458802608,3.78365384615385,0.0150996814910935,0.0700371541394731,0.471662981496567,4.56798297469851,0.0119006354708261,-0.126659568508341,-0.0518645226939588,-0.784329128544664,0.00319904602026744,0.250009524890629,0.749990475109371,"GB",20,27,"GB",TRUE
"2025_11_CIN_PIT","PIT","CIN",-0.0214518915871904,0.432562952742325,3.91918367346939,0.0130062749572162,0.0269283548308645,0.459712961916601,4.18465941614196,0.0141541226690631,-0.0483802464180549,-0.0271500091742758,-0.26547574267257,-0.00114784771184693,0.269263885915279,0.730736114084721,"CIN",34,12,"PIT",FALSE
"2025_11_HOU_TEN","TEN","HOU",-0.0276068580386039,0.434583934583935,3.93421052631579,0.015527950310559,-0.0408121691289122,0.417244567730005,4.02365339578454,0.0145943461273271,0.0132053110903082,0.0173393668539299,-0.0894428694687539,0.000933604183231955,0.735610812902451,0.264389187097549,"TEN",13,16,"HOU",FALSE
"2025_11_SF_ARI","ARI","SF",-0.0111825944722607,0.441670555296314,4.17971151572476,0.0141564168020422,0.0472092393827463,0.470634211701653,4.67100792751982,0.0173064122476148,-0.058391833855007,-0.0289636564053389,-0.491296411795061,-0.00314999544557258,0.258351059630513,0.741648940369487,"SF",22,41,"SF",TRUE
"2025_11_SEA_LA","LA","SEA",0.0120455516850395,0.459982601130926,4.41393758959091,0.013935400237658,0.031626689576511,0.465149359886202,4.34166266218164,0.0142570990927301,-0.0195811378914715,-0.0051667587552755,0.0722749274092713,-0.000321698855072069,0.62456202507019,0.37543797492981,"LA",21,19,"LA",TRUE
"2025_11_BAL_CLE","CLE","BAL",-0.0648381356081337,0.414558773034222,3.94016003711005,0.018005698005698,0.0537050187605786,0.469784909525435,4.59785368105239,0.0149152542372881,-0.118543154368712,-0.055226136491213,-0.657693643942334,0.00309044376840987,0.250014992812794,0.749985007187206,"BAL",16,23,"BAL",TRUE
"2025_11_KC_DEN","DEN","KC",-0.0234766567778631,0.426314548455553,4.02808317399618,0.0158246395498769,0.0801877463910782,0.480596088171375,4.56825097051726,0.0136648515360115,-0.103664403168941,-0.0542815397158224,-0.540167796521083,0.00215978801386541,0.250074826959462,0.749925173040538,"KC",22,19,"DEN",FALSE
"2025_11_DET_PHI","PHI","DET",0.0330992112869738,0.450696619505346,4.28943908851884,0.0134105782641347,0.0375197136932062,0.460653474459273,4.58561923660558,0.0134903395449869,-0.00442050240623235,-0.00995685495392673,-0.296180148086737,-7.97612808521031e-05,0.72025540471077,0.27974459528923,"PHI",16,9,"PHI",TRUE
"2025_11_DAL_LV","LV","DAL",-0.0483958393801111,0.435959990241522,4.07254974663206,0.0185612034453476,0.0317798450601983,0.460626029654036,4.34685236768802,0.015174672489083,-0.0801756844403094,-0.0246660394125139,-0.274302621055962,0.0033865309562646,0.250713453628123,0.749286546371877,"DAL",16,33,"DAL",TRUE
"2025_12_BUF_HOU","HOU","BUF",-0.0408121691289122,0.417244567730005,4.02365339578454,0.0145943461273271,0.0985826462808477,0.487062566277837,4.66903531438415,0.0145232582614186,-0.13939481540976,-0.069817998547832,-0.645381918599608,7.10878659084032e-05,0.250002511148296,0.749997488851704,"BUF",23,19,"HOU",FALSE
"2025_12_NYJ_BAL","BAL","NYJ",0.0537050187605786,0.469784909525435,4.59785368105239,0.0149152542372881,-0.0897729200332247,0.412631578947368,3.69141065830721,0.0177405445361587,0.143477938793803,0.0571533305780669,0.906443022745179,-0.00282529029887054,0.749999761581421,0.250000238418579,"BAL",23,10,"BAL",TRUE
"2025_12_PIT_CHI","CHI","PIT",-0.0331434552779648,0.426430996137188,3.97648735304596,0.0153667054714785,-0.0214518915871904,0.432562952742325,3.91918367346939,0.0130062749572162,-0.0116915636907745,-0.0061319566051366,0.0573036795765689,0.00236043051426226,0.642872095108032,0.357127904891968,"CHI",31,28,"CHI",TRUE
"2025_12_NE_CIN","CIN","NE",0.0269283548308645,0.459712961916601,4.18465941614196,0.0141541226690631,-0.0316036006925719,0.444192431658112,4.13384113166485,0.0173211531617036,0.0585319555234365,0.0155205302584893,0.0508182844771046,-0.00316703049264051,0.749610781669617,0.250389218330383,"CIN",20,26,"NE",FALSE
"2025_12_NYG_DET","DET","NYG",0.0375197136932062,0.460653474459273,4.58561923660558,0.0134903395449869,-0.0566224143688683,0.419798458802608,3.78365384615385,0.0150996814910935,0.0941421280620745,0.0408550156566647,0.801965390451734,-0.00160934194610669,0.749983966350555,0.250016033649445,"DET",34,27,"DET",TRUE
"2025_12_MIN_GB","GB","MIN",0.0700371541394731,0.471662981496567,4.56798297469851,0.0119006354708261,-0.0146640261847865,0.440675963129284,4.27284688995215,0.0175046992481203,0.0847011803242595,0.0309870183672831,0.295136084746357,-0.00560406377729419,0.749946713447571,0.250053286552429,"GB",23,6,"GB",TRUE
"2025_12_IND_KC","KC","IND",0.0801877463910782,0.480596088171375,4.56825097051726,0.0136648515360115,-0.00646622925378473,0.444497550483929,4.24183006535948,0.0162649887213582,0.0866539756448629,0.0360985376874465,0.326420905157782,-0.00260013718534668,0.749955058097839,0.250044941902161,"KC",23,20,"KC",TRUE
"2025_12_SEA_TEN","TEN","SEA",-0.0276068580386039,0.434583934583935,3.93421052631579,0.015527950310559,0.031626689576511,0.465149359886202,4.34166266218164,0.0142570990927301,-0.0592335476151149,-0.0305654253022674,-0.407452135865854,0.00127085121782895,0.256121061276644,0.743878938723356,"SEA",24,30,"SEA",TRUE
"2025_12_JAX_ARI","ARI","JAX",-0.0111825944722607,0.441670555296314,4.17971151572476,0.0141564168020422,-0.0134969635943272,0.442601587489634,4.11988479539182,0.0183875530410184,0.00231436912206643,-0.000931032193320303,0.0598267203329419,-0.00423113623897615,0.723359316587448,0.276640683412552,"ARI",24,27,"JAX",FALSE
"2025_12_CLE_LV","LV","CLE",-0.0483958393801111,0.435959990241522,4.07254974663206,0.0185612034453476,-0.0648381356081337,0.414558773034222,3.94016003711005,0.018005698005698,0.0164422962280226,0.0214012172073,0.132389709522006,0.000555505439649561,0.740899473428726,0.259100526571274,"LV",10,24,"CLE",FALSE
"2025_12_PHI_DAL","DAL","PHI",0.0317798450601983,0.460626029654036,4.34685236768802,0.015174672489083,0.0330992112869738,0.450696619505346,4.28943908851884,0.0134105782641347,-0.00131936622677548,0.00992941014869009,0.0574132791691797,0.00176409422494822,0.725677490234375,0.274322509765625,"DAL",24,21,"DAL",TRUE
"2025_12_ATL_NO","NO","ATL",-0.0471066235824416,0.431934371656165,4.10307043949428,0.0146554780758776,-0.0246610569213534,0.442784256559767,4.20152652960729,0.0162945081472541,-0.0224455666610882,-0.0108498849036022,-0.0984560901130074,-0.00163903007137652,0.503516376018524,0.496483623981476,"NO",10,24,"ATL",FALSE
"2025_12_TB_LA","LA","TB",0.0120455516850395,0.459982601130926,4.41393758959091,0.013935400237658,0.0323469824219981,0.456000859568067,4.3806465657995,0.0137673425827108,-0.0203014307369587,0.00398174156285941,0.0332910237914152,0.00016805765494721,0.626887291669846,0.373112708330154,"LA",34,7,"LA",TRUE
"2025_12_CAR_SF","SF","CAR",0.0472092393827463,0.470634211701653,4.67100792751982,0.0173064122476148,-0.057370200580685,0.430196990089318,3.82022054268368,0.0170544524302595,0.104579439963431,0.040437221612334,0.850787384836136,0.00025195981735535,0.74999463558197,0.25000536441803,"SF",20,9,"SF",TRUE
"2025_13_GB_DET","DET","GB",0.0375197136932062,0.460653474459273,4.58561923660558,0.0134903395449869,0.0700371541394731,0.471662981496567,4.56798297469851,0.0119006354708261,-0.0325174404462669,-0.0110095070372941,0.0176362619070698,0.00158970407416074,0.448574870824814,0.551425129175186,"GB",24,31,"GB",TRUE
"2025_13_KC_DAL","DAL","KC",0.0317798450601983,0.460626029654036,4.34685236768802,0.015174672489083,0.0801877463910782,0.480596088171375,4.56825097051726,0.0136648515360115,-0.0484079013308798,-0.0199700585173391,-0.221398602829237,0.00150982095307146,0.29112471267581,0.70887528732419,"KC",31,28,"DAL",FALSE
"2025_13_CIN_BAL","BAL","CIN",0.0537050187605786,0.469784909525435,4.59785368105239,0.0149152542372881,0.0269283548308645,0.459712961916601,4.18465941614196,0.0141541226690631,0.026776663929714,0.0100719476088345,0.413194264910431,0.000761131568225005,0.746554791927338,0.253445208072662,"BAL",14,32,"CIN",FALSE
"2025_13_CHI_PHI","PHI","CHI",0.0330992112869738,0.450696619505346,4.28943908851884,0.0134105782641347,-0.0331434552779648,0.426430996137188,3.97648735304596,0.0153667054714785,0.0662426665649387,0.0242656233681579,0.312951735472886,-0.00195612720734371,0.749745726585388,0.250254273414612,"PHI",15,24,"CHI",FALSE
"2025_13_LA_CAR","CAR","LA",-0.057370200580685,0.430196990089318,3.82022054268368,0.0170544524302595,0.0120455516850395,0.459982601130926,4.41393758959091,0.013935400237658,-0.0694157522657245,-0.029785611041608,-0.593717046907232,0.00311905219260148,0.251899409224279,0.748100590775721,"LA",31,28,"CAR",FALSE
"2025_13_SF_CLE","CLE","SF",-0.0648381356081337,0.414558773034222,3.94016003711005,0.018005698005698,0.0472092393827463,0.470634211701653,4.67100792751982,0.0173064122476148,-0.11204737499088,-0.0560754386674303,-0.730847890409764,0.000699285758083184,0.250025722994906,0.749974277005094,"SF",8,26,"SF",TRUE
"2025_13_HOU_IND","IND","HOU",-0.00646622925378473,0.444497550483929,4.24183006535948,0.0162649887213582,-0.0408121691289122,0.417244567730005,4.02365339578454,0.0145943461273271,0.0343459398751274,0.0272529827539242,0.218176669574934,0.00167064259403114,0.747505724430084,0.252494275569916,"IND",16,20,"HOU",FALSE
"2025_13_NO_MIA","MIA","NO",0.00146630600918314,0.448505385453225,4.26937224129475,0.0167107477759077,-0.0471066235824416,0.431934371656165,4.10307043949428,0.0146554780758776,0.0485729295916247,0.0165710137970607,0.166301801800471,0.00205526970003011,0.749249458312988,0.250750541687012,"MIA",21,17,"MIA",TRUE
"2025_13_ATL_NYJ","NYJ","ATL",-0.0897729200332247,0.412631578947368,3.69141065830721,0.0177405445361587,-0.0246610569213534,0.442784256559767,4.20152652960729,0.0162945081472541,-0.0651118631118713,-0.0301526776123984,-0.510115871300078,0.00144603638890461,0.25199661985971,0.74800338014029,"ATL",27,24,"NYJ",FALSE
"2025_13_ARI_TB","TB","ARI",0.0323469824219981,0.456000859568067,4.3806465657995,0.0137673425827108,-0.0111825944722607,0.441670555296314,4.17971151572476,0.0141564168020422,0.0435295768942589,0.0143303042717535,0.200935050074742,-0.000389074219331459,0.748791873455048,0.251208126544952,"TB",20,17,"TB",TRUE
"2025_13_JAX_TEN","TEN","JAX",-0.0276068580386039,0.434583934583935,3.93421052631579,0.015527950310559,-0.0134969635943272,0.442601587489634,4.11988479539182,0.0183875530410184,-0.0141098944442768,-0.00801765290569934,-0.185674269076026,-0.00285960273045938,0.641457110643387,0.358542889356613,"TEN",3,25,"JAX",FALSE
"2025_13_MIN_SEA","SEA","MIN",0.031626689576511,0.465149359886202,4.34166266218164,0.0142570990927301,-0.0146640261847865,0.440675963129284,4.27284688995215,0.0175046992481203,0.0462907157612974,0.0244733967569181,0.06881577222949,-0.00324760015539024,0.749053955078125,0.250946044921875,"SEA",26,0,"SEA",TRUE
"2025_13_LV_LAC","LAC","LV",-0.0102479865610918,0.43659729330149,4.20592985694509,0.0131206877050107,-0.0483958393801111,0.435959990241522,4.07254974663206,0.0185612034453476,0.0381478528190193,0.000637303059967509,0.133380110313025,-0.00544051574033682,0.748300552368164,0.251699447631836,"LAC",31,14,"LAC",TRUE
"2025_13_BUF_PIT","PIT","BUF",-0.0214518915871904,0.432562952742325,3.91918367346939,0.0130062749572162,0.0985826462808477,0.487062566277837,4.66903531438415,0.0145232582614186,-0.120034537868038,-0.0544996135355117,-0.749851640914764,-0.00151698330420245,0.250021965142878,0.749978034857122,"BUF",7,26,"BUF",TRUE
"2025_13_DEN_WAS","WAS","DEN",-0.0100884216372913,0.445845272206304,4.04357425052289,0.0167635990420801,-0.0234766567778631,0.426314548455553,4.02808317399618,0.0158246395498769,0.0133882351405718,0.0195307237507508,0.0154910765267147,0.000938959492203136,0.737933069467545,0.262066930532455,"WAS",26,27,"DEN",FALSE
"2025_13_NYG_NE","NE","NYG",-0.0316036006925719,0.444192431658112,4.13384113166485,0.0173211531617036,-0.0566224143688683,0.419798458802608,3.78365384615385,0.0150996814910935,0.0250188136762964,0.0243939728555033,0.350187285511006,0.00222147167061009,0.745988041162491,0.254011958837509,"NE",33,15,"NE",TRUE
"2025_14_DAL_DET","DET","DAL",0.0375197136932062,0.460653474459273,4.58561923660558,0.0134903395449869,0.0317798450601983,0.460626029654036,4.34685236768802,0.015174672489083,0.00573986863300784,2.74448052366427e-05,0.238766868917557,-0.00168433294409612,0.734612643718719,0.265387356281281,"DET",44,30,"DET",TRUE
"2025_14_SEA_ATL","ATL","SEA",-0.0246610569213534,0.442784256559767,4.20152652960729,0.0162945081472541,0.031626689576511,0.465149359886202,4.34166266218164,0.0142570990927301,-0.0562877464978644,-0.0223651033264352,-0.140136132574355,0.00203740905452401,0.258645042777061,0.741354957222939,"SEA",9,37,"SEA",TRUE
"2025_14_PIT_BAL","BAL","PIT",0.0537050187605786,0.469784909525435,4.59785368105239,0.0149152542372881,-0.0214518915871904,0.432562952742325,3.91918367346939,0.0130062749572162,0.0751569103477689,0.0372219567831104,0.678670007583001,0.00190897928007194,0.749908953905106,0.250091046094894,"BAL",22,27,"PIT",FALSE
"2025_14_CIN_BUF","BUF","CIN",0.0985826462808477,0.487062566277837,4.66903531438415,0.0145232582614186,0.0269283548308645,0.459712961916601,4.18465941614196,0.0141541226690631,0.0716542914499832,0.0273496043612359,0.484375898242194,0.000369135592355517,0.749869614839554,0.250130385160446,"BUF",39,34,"BUF",TRUE
"2025_14_TEN_CLE","CLE","TEN",-0.0648381356081337,0.414558773034222,3.94016003711005,0.018005698005698,-0.0276068580386039,0.434583934583935,3.93421052631579,0.015527950310559,-0.0372312775695298,-0.0200251615497123,0.00594951079426531,0.002477747695139,0.288253545761108,0.711746454238892,"TEN",29,31,"TEN",TRUE
"2025_14_IND_JAX","JAX","IND",-0.0134969635943272,0.442601587489634,4.11988479539182,0.0183875530410184,-0.00646622925378473,0.444497550483929,4.24183006535948,0.0162649887213582,-0.00703073434054243,-0.0018959629942949,-0.121945269967662,0.0021225643196602,0.702230483293533,0.297769516706467,"JAX",36,19,"JAX",TRUE
"2025_14_WAS_MIN","MIN","WAS",-0.0146640261847865,0.440675963129284,4.27284688995215,0.0175046992481203,-0.0100884216372913,0.445845272206304,4.04357425052289,0.0167635990420801,-0.00457560454749511,-0.00516930907701985,0.229272639429262,0.000741100206040245,0.703328281641006,0.296671718358994,"MIN",31,0,"MIN",TRUE
"2025_14_MIA_NYJ","NYJ","MIA",-0.0897729200332247,0.412631578947368,3.69141065830721,0.0177405445361587,0.00146630600918314,0.448505385453225,4.26937224129475,0.0167107477759077,-0.0912392260424078,-0.0358738065058568,-0.577961582987542,0.00102979676025101,0.250165694902535,0.749834305097465,"MIA",10,34,"MIA",TRUE
"2025_14_NO_TB","TB","NO",0.0323469824219981,0.456000859568067,4.3806465657995,0.0137673425827108,-0.0471066235824416,0.431934371656165,4.10307043949428,0.0146554780758776,0.0794536060044397,0.0240664879119025,0.277576126305219,-0.000888135493166776,0.749923586845398,0.250076413154602,"TB",20,24,"NO",FALSE
"2025_14_DEN_LV","LV","DEN",-0.0483958393801111,0.435959990241522,4.07254974663206,0.0185612034453476,-0.0234766567778631,0.426314548455553,4.02808317399618,0.0158246395498769,-0.024919182602248,0.00964544178596938,0.0444665726358844,0.00273656389547065,0.487846061587334,0.512153938412666,"DEN",17,24,"DEN",TRUE
"2025_14_LA_ARI","ARI","LA",-0.0111825944722607,0.441670555296314,4.17971151572476,0.0141564168020422,0.0120455516850395,0.459982601130926,4.41393758959091,0.013935400237658,-0.0232281461573002,-0.0183120458346129,-0.234226073866157,0.000221016564384249,0.533001482486725,0.466998517513275,"ARI",17,45,"LA",FALSE
"2025_14_CHI_GB","GB","CHI",0.0700371541394731,0.471662981496567,4.56798297469851,0.0119006354708261,-0.0331434552779648,0.426430996137188,3.97648735304596,0.0153667054714785,0.103180609417438,0.0452319853593787,0.591495621652554,-0.00346607000065235,0.749989449977875,0.250010550022125,"GB",28,21,"GB",TRUE
"2025_14_HOU_KC","KC","HOU",0.0801877463910782,0.480596088171375,4.56825097051726,0.0136648515360115,-0.0408121691289122,0.417244567730005,4.02365339578454,0.0145943461273271,0.12099991551999,0.0633515204413707,0.544597574732716,-0.000929494591315545,0.749997437000275,0.250002562999725,"KC",10,20,"HOU",FALSE
"2025_14_PHI_LAC","LAC","PHI",-0.0102479865610918,0.43659729330149,4.20592985694509,0.0131206877050107,0.0330992112869738,0.450696619505346,4.28943908851884,0.0134105782641347,-0.0433471978480656,-0.0140993262038563,-0.0835092315737569,-0.000289890559124005,0.291692331433296,0.708307668566704,"PHI",22,19,"LAC",FALSE
"2025_15_ATL_TB","TB","ATL",0.0323469824219981,0.456000859568067,4.3806465657995,0.0137673425827108,-0.0246610569213534,0.442784256559767,4.20152652960729,0.0162945081472541,0.0570080393433515,0.0132166030083003,0.179120036192211,-0.00252716556454329,0.749580562114716,0.250419437885284,"TB",28,29,"ATL",FALSE
"2025_15_CLE_CHI","CHI","CLE",-0.0331434552779648,0.426430996137188,3.97648735304596,0.0153667054714785,-0.0648381356081337,0.414558773034222,3.94016003711005,0.018005698005698,0.0316946803301689,0.011872223102966,0.0363273159359019,-0.00263899253421954,0.746514767408371,0.253485232591629,"CHI",31,3,"CHI",TRUE
"2025_15_BAL_CIN","CIN","BAL",0.0269283548308645,0.459712961916601,4.18465941614196,0.0141541226690631,0.0537050187605786,0.469784909525435,4.59785368105239,0.0149152542372881,-0.026776663929714,-0.0100719476088345,-0.413194264910431,-0.000761131568225005,0.560038566589355,0.439961433410645,"CIN",0,24,"BAL",FALSE
"2025_15_ARI_HOU","HOU","ARI",-0.0408121691289122,0.417244567730005,4.02365339578454,0.0145943461273271,-0.0111825944722607,0.441670555296314,4.17971151572476,0.0141564168020422,-0.0296295746566514,-0.024425987566309,-0.156058119940214,0.000437929325284813,0.360580794513226,0.639419205486774,"ARI",40,20,"HOU",FALSE
"2025_15_NYJ_JAX","JAX","NYJ",-0.0134969635943272,0.442601587489634,4.11988479539182,0.0183875530410184,-0.0897729200332247,0.412631578947368,3.69141065830721,0.0177405445361587,0.0762759564388975,0.0299700085422655,0.428474137084605,0.000647008504859707,0.749911695718765,0.250088304281235,"JAX",48,20,"JAX",TRUE
"2025_15_LAC_KC","KC","LAC",0.0801877463910782,0.480596088171375,4.56825097051726,0.0136648515360115,-0.0102479865610918,0.43659729330149,4.20592985694509,0.0131206877050107,0.09043573295217,0.0439987948698855,0.362321113572174,0.000544163831000762,0.749965608119965,0.250034391880035,"KC",13,16,"LAC",FALSE
"2025_15_BUF_NE","NE","BUF",-0.0316036006925719,0.444192431658112,4.13384113166485,0.0173211531617036,0.0985826462808477,0.487062566277837,4.66903531438415,0.0145232582614186,-0.13018624697342,-0.0428701346197252,-0.535194182719299,0.00279789490028499,0.250010671875316,0.749989328124684,"BUF",31,35,"BUF",TRUE
"2025_15_WAS_NYG","NYG","WAS",-0.0566224143688683,0.419798458802608,3.78365384615385,0.0150996814910935,-0.0100884216372913,0.445845272206304,4.04357425052289,0.0167635990420801,-0.046533992731577,-0.0260468134036955,-0.259920404369045,-0.00166391755098651,0.267206089571118,0.732793910428882,"WAS",21,29,"WAS",TRUE
"2025_15_LV_PHI","PHI","LV",0.0330992112869738,0.450696619505346,4.28943908851884,0.0134105782641347,-0.0483958393801111,0.435959990241522,4.07254974663206,0.0185612034453476,0.0814950506670849,0.0147366292638239,0.216889341886782,-0.00515062518121282,0.749927997589111,0.250072002410889,"PHI",31,0,"PHI",TRUE
"2025_15_GB_DEN","DEN","GB",-0.0234766567778631,0.426314548455553,4.02808317399618,0.0158246395498769,0.0700371541394731,0.471662981496567,4.56798297469851,0.0119006354708261,-0.0935138109173362,-0.045348433041014,-0.539899800702334,0.00392400407905081,0.250203067305847,0.749796932694153,"GB",34,26,"DEN",FALSE
"2025_15_DET_LA","LA","DET",0.0120455516850395,0.459982601130926,4.41393758959091,0.013935400237658,0.0375197136932062,0.460653474459273,4.58561923660558,0.0134903395449869,-0.0254741620081667,-0.000670873328346422,-0.171681647014665,0.000445060692671136,0.567246228456497,0.432753771543503,"LA",41,34,"LA",TRUE
"2025_15_CAR_NO","NO","CAR",-0.0471066235824416,0.431934371656165,4.10307043949428,0.0146554780758776,-0.057370200580685,0.430196990089318,3.82022054268368,0.0170544524302595,0.0102635769982434,0.00173738156684605,0.282849896810598,-0.00239897435438192,0.735322147607803,0.264677852392197,"NO",20,17,"NO",TRUE
"2025_15_IND_SEA","SEA","IND",0.031626689576511,0.465149359886202,4.34166266218164,0.0142570990927301,-0.00646622925378473,0.444497550483929,4.24183006535948,0.0162649887213582,0.0380929188302957,0.0206518094022732,0.0998325968221661,-0.00200788962862813,0.748280137777328,0.251719862222672,"SEA",18,16,"SEA",TRUE
"2025_15_TEN_SF","SF","TEN",0.0472092393827463,0.470634211701653,4.67100792751982,0.0173064122476148,-0.0276068580386039,0.434583934583935,3.93421052631579,0.015527950310559,0.0748160974213502,0.036050277117718,0.736797401204029,0.00177846193705582,0.749923825263977,0.250076174736023,"SF",37,24,"SF",TRUE
"2025_15_MIN_DAL","DAL","MIN",0.0317798450601983,0.460626029654036,4.34685236768802,0.015174672489083,-0.0146640261847865,0.440675963129284,4.27284688995215,0.0175046992481203,0.0464438712449848,0.0199500665247524,0.0740054777358692,-0.00233002675903733,0.749025046825409,0.250974953174591,"DAL",26,34,"MIN",FALSE
"2025_15_MIA_PIT","PIT","MIA",-0.0214518915871904,0.432562952742325,3.91918367346939,0.0130062749572162,0.00146630600918314,0.448505385453225,4.26937224129475,0.0167107477759077,-0.0229181975963735,-0.0159424327109003,-0.350188567825364,-0.00370447281869147,0.523572862148285,0.476427137851715,"PIT",28,15,"PIT",TRUE
"2025_16_LA_SEA","SEA","LA",0.031626689576511,0.465149359886202,4.34166266218164,0.0142570990927301,0.0120455516850395,0.459982601130926,4.41393758959091,0.013935400237658,0.0195811378914715,0.0051667587552755,-0.0722749274092713,0.000321698855072069,0.744198650121689,0.255801349878311,"SEA",38,37,"SEA",TRUE
"2025_16_PHI_WAS","WAS","PHI",-0.0100884216372913,0.445845272206304,4.04357425052289,0.0167635990420801,0.0330992112869738,0.450696619505346,4.28943908851884,0.0134105782641347,-0.0431876329242652,-0.00485134729904246,-0.245864837995952,0.00335302077794531,0.312484968453646,0.687515031546354,"PHI",18,29,"PHI",TRUE
"2025_16_GB_CHI","CHI","GB",-0.0331434552779648,0.426430996137188,3.97648735304596,0.0153667054714785,0.0700371541394731,0.471662981496567,4.56798297469851,0.0119006354708261,-0.103180609417438,-0.0452319853593787,-0.591495621652554,0.00346607000065235,0.25008669912495,0.74991330087505,"GB",22,16,"CHI",FALSE
"2025_16_TB_CAR","CAR","TB",-0.057370200580685,0.430196990089318,3.82022054268368,0.0170544524302595,0.0323469824219981,0.456000859568067,4.3806465657995,0.0137673425827108,-0.0897171830026832,-0.0258038694787486,-0.560426023115817,0.00328710984754869,0.250319627375575,0.749680372624425,"TB",23,20,"CAR",FALSE
"2025_16_BUF_CLE","CLE","BUF",-0.0648381356081337,0.414558773034222,3.94016003711005,0.018005698005698,0.0985826462808477,0.487062566277837,4.66903531438415,0.0145232582614186,-0.163420781888981,-0.0725037932436144,-0.728875277274097,0.00348243974427936,0.250000276672722,0.749999723327278,"BUF",20,23,"BUF",TRUE
"2025_16_LAC_DAL","DAL","LAC",0.0317798450601983,0.460626029654036,4.34685236768802,0.015174672489083,-0.0102479865610918,0.43659729330149,4.20592985694509,0.0131206877050107,0.0420278316212901,0.0240287363525464,0.140922510742937,0.00205398478407222,0.748598277568817,0.251401722431183,"DAL",17,34,"LAC",FALSE
"2025_16_CIN_MIA","MIA","CIN",0.00146630600918314,0.448505385453225,4.26937224129475,0.0167107477759077,0.0269283548308645,0.459712961916601,4.18465941614196,0.0141541226690631,-0.0254620488216814,-0.0112075764633756,0.0847128251527947,0.00255662510684454,0.505149066448212,0.494850933551788,"MIA",21,45,"CIN",FALSE
"2025_16_NYJ_NO","NO","NYJ",-0.0471066235824416,0.431934371656165,4.10307043949428,0.0146554780758776,-0.0897729200332247,0.412631578947368,3.69141065830721,0.0177405445361587,0.0426662964507831,0.0193027927087961,0.411659781187071,-0.00308506646028112,0.748962938785553,0.251037061214447,"NO",29,6,"NO",TRUE
"2025_16_MIN_NYG","NYG","MIN",-0.0566224143688683,0.419798458802608,3.78365384615385,0.0150996814910935,-0.0146640261847865,0.440675963129284,4.27284688995215,0.0175046992481203,-0.0419583881840819,-0.0208775043266757,-0.489193043798307,-0.00240501775702675,0.285448383539915,0.714551616460085,"MIN",13,16,"MIN",TRUE
"2025_16_KC_TEN","TEN","KC",-0.0276068580386039,0.434583934583935,3.93421052631579,0.015527950310559,0.0801877463910782,0.480596088171375,4.56825097051726,0.0136648515360115,-0.107794604429682,-0.0460121535874408,-0.63404044420147,0.0018630987745475,0.250065454201831,0.749934545798169,"KC",26,9,"TEN",FALSE
"2025_16_ATL_ARI","ARI","ATL",-0.0111825944722607,0.441670555296314,4.17971151572476,0.0141564168020422,-0.0246610569213534,0.442784256559767,4.20152652960729,0.0162945081472541,0.0134784624490927,-0.00111370126345317,-0.0218150138825308,-0.00213809134521183,0.739417493343353,0.260582506656647,"ARI",19,26,"ATL",FALSE
"2025_16_JAX_DEN","DEN","JAX",-0.0234766567778631,0.426314548455553,4.02808317399618,0.0158246395498769,-0.0134969635943272,0.442601587489634,4.11988479539182,0.0183875530410184,-0.00997969318353594,-0.016287039034081,-0.0918016213956392,-0.00256291349114147,0.662117958068848,0.337882041931152,"DEN",20,34,"JAX",FALSE
"2025_16_PIT_DET","DET","PIT",0.0375197136932062,0.460653474459273,4.58561923660558,0.0134903395449869,-0.0214518915871904,0.432562952742325,3.91918367346939,0.0130062749572162,0.0589716052803965,0.028090521716948,0.666435563136192,0.000484064587770653,0.749691486358643,0.250308513641357,"DET",24,29,"PIT",FALSE
"2025_16_LV_HOU","HOU","LV",-0.0408121691289122,0.417244567730005,4.02365339578454,0.0145943461273271,-0.0483958393801111,0.435959990241522,4.07254974663206,0.0185612034453476,0.00758367025119893,-0.0187154225115177,-0.0488963508475173,-0.00396685731802052,0.72152578830719,0.27847421169281,"HOU",23,21,"HOU",TRUE
"2025_16_NE_BAL","BAL","NE",0.0537050187605786,0.469784909525435,4.59785368105239,0.0149152542372881,-0.0316036006925719,0.444192431658112,4.13384113166485,0.0173211531617036,0.0853086194531505,0.0255924778673238,0.464012549387536,-0.00240589892441551,0.749964237213135,0.250035762786865,"BAL",24,28,"NE",FALSE
"2025_16_SF_IND","IND","SF",-0.00646622925378473,0.444497550483929,4.24183006535948,0.0162649887213582,0.0472092393827463,0.470634211701653,4.67100792751982,0.0173064122476148,-0.053675468636531,-0.0261366612177237,-0.429177862160341,-0.00104142352625664,0.265390970744193,0.734609029255807,"SF",27,48,"SF",TRUE
"2025_17_DAL_WAS","WAS","DAL",-0.0100884216372913,0.445845272206304,4.04357425052289,0.0167635990420801,0.0317798450601983,0.460626029654036,4.34685236768802,0.015174672489083,-0.0418682666974897,-0.0147807574477326,-0.303278117165132,0.00158892655299709,0.313543871045113,0.686456128954887,"DAL",23,30,"DAL",TRUE
"2025_17_DET_MIN","MIN","DET",-0.0146640261847865,0.440675963129284,4.27284688995215,0.0175046992481203,0.0375197136932062,0.460653474459273,4.58561923660558,0.0134903395449869,-0.0521837398779926,-0.019977511329989,-0.312772346653427,0.00401435970313345,0.267081338912249,0.732918661087751,"DET",23,10,"MIN",FALSE
"2025_17_DEN_KC","KC","DEN",0.0801877463910782,0.480596088171375,4.56825097051726,0.0136648515360115,-0.0234766567778631,0.426314548455553,4.02808317399618,0.0158246395498769,0.103664403168941,0.0542815397158224,0.540167796521083,-0.00215978801386541,0.749989092350006,0.250010907649994,"KC",13,20,"DEN",FALSE
"2025_17_HOU_LAC","LAC","HOU",-0.0102479865610918,0.43659729330149,4.20592985694509,0.0131206877050107,-0.0408121691289122,0.417244567730005,4.02365339578454,0.0145943461273271,0.0305641825678204,0.0193527255714852,0.182276461160543,-0.00147365842231631,0.746422737836838,0.253577262163162,"LAC",16,20,"HOU",FALSE
"2025_17_BAL_GB","GB","BAL",0.0700371541394731,0.471662981496567,4.56798297469851,0.0119006354708261,0.0537050187605786,0.469784909525435,4.59785368105239,0.0149152542372881,0.0163321353788945,0.00187807197113171,-0.0298707063538783,-0.00301461876646202,0.742236524820328,0.257763475179672,"GB",24,41,"BAL",FALSE
"2025_17_SEA_CAR","CAR","SEA",-0.057370200580685,0.430196990089318,3.82022054268368,0.0170544524302595,0.031626689576511,0.465149359886202,4.34166266218164,0.0142570990927301,-0.088996890157196,-0.0349523697968835,-0.521442119497961,0.00279735333752941,0.25028351432411,0.74971648567589,"SEA",10,27,"SEA",TRUE
"2025_17_ARI_CIN","CIN","ARI",0.0269283548308645,0.459712961916601,4.18465941614196,0.0141541226690631,-0.0111825944722607,0.441670555296314,4.17971151572476,0.0141564168020422,0.0381109493031252,0.0180424066202872,0.00494790041719995,-2.2941329791068e-06,0.748011231422424,0.251988768577576,"CIN",37,14,"CIN",TRUE
"2025_17_PIT_CLE","CLE","PIT",-0.0648381356081337,0.414558773034222,3.94016003711005,0.018005698005698,-0.0214518915871904,0.432562952742325,3.91918367346939,0.0130062749572162,-0.0433862440209434,-0.0180041797081026,0.020976363640667,0.0049994230484818,0.271082861348987,0.728917138651013,"PIT",13,6,"CLE",FALSE
"2025_17_JAX_IND","IND","JAX",-0.00646622925378473,0.444497550483929,4.24183006535948,0.0162649887213582,-0.0134969635943272,0.442601587489634,4.11988479539182,0.0183875530410184,0.00703073434054243,0.0018959629942949,0.121945269967662,-0.0021225643196602,0.73286771774292,0.26713228225708,"IND",17,23,"JAX",FALSE
"2025_17_TB_MIA","MIA","TB",0.00146630600918314,0.448505385453225,4.26937224129475,0.0167107477759077,0.0323469824219981,0.456000859568067,4.3806465657995,0.0137673425827108,-0.030880676412815,-0.00749547411484186,-0.111274324504747,0.00294340519319689,0.440981060266495,0.559018939733505,"TB",20,17,"MIA",FALSE
"2025_17_NE_NYJ","NYJ","NE",-0.0897729200332247,0.412631578947368,3.69141065830721,0.0177405445361587,-0.0316036006925719,0.444192431658112,4.13384113166485,0.0173211531617036,-0.0581693193406527,-0.0315608527107431,-0.442430473357643,0.000419391374455038,0.253819960635155,0.746180039364845,"NE",10,42,"NE",TRUE
"2025_17_NO_TEN","TEN","NO",-0.0276068580386039,0.434583934583935,3.93421052631579,0.015527950310559,-0.0471066235824416,0.431934371656165,4.10307043949428,0.0146554780758776,0.0194997655438377,0.00264956292777002,-0.168859913178491,0.00087247223468145,0.742035508155823,0.257964491844177,"TEN",26,34,"NO",FALSE
"2025_17_NYG_LV","LV","NYG",-0.0483958393801111,0.435959990241522,4.07254974663206,0.0185612034453476,-0.0566224143688683,0.419798458802608,3.78365384615385,0.0150996814910935,0.00822657498875724,0.0161615314389141,0.288895900478214,0.00346152195425402,0.732074320316315,0.267925679683685,"LV",10,34,"NYG",FALSE
"2025_17_PHI_BUF","BUF","PHI",0.0985826462808477,0.487062566277837,4.66903531438415,0.0145232582614186,0.0330992112869738,0.450696619505346,4.28943908851884,0.0134105782641347,0.0654834349938739,0.0363659467724905,0.379596225865309,0.0011126799972839,0.749764263629913,0.250235736370087,"BUF",12,13,"PHI",FALSE
"2025_17_CHI_SF","SF","CHI",0.0472092393827463,0.470634211701653,4.67100792751982,0.0173064122476148,-0.0331434552779648,0.426430996137188,3.97648735304596,0.0153667054714785,0.0803526946607111,0.0442032155644642,0.694520574473862,0.00193970677613636,0.749948263168335,0.250051736831665,"SF",42,38,"SF",TRUE
"2025_17_LA_ATL","ATL","LA",-0.0246610569213534,0.442784256559767,4.20152652960729,0.0162945081472541,0.0120455516850395,0.459982601130926,4.41393758959091,0.013935400237658,-0.0367066086063929,-0.0171983445711597,-0.212411059983626,0.00235910790959608,0.342169612646103,0.657830387353897,"LA",27,24,"ATL",FALSE
"2025_18_CAR_TB","TB","CAR",0.0323469824219981,0.456000859568067,4.3806465657995,0.0137673425827108,-0.057370200580685,0.430196990089318,3.82022054268368,0.0170544524302595,0.0897171830026832,0.0258038694787486,0.560426023115817,-0.00328710984754869,0.749972462654114,0.250027537345886,"TB",16,14,"TB",TRUE
"2025_18_SEA_SF","SF","SEA",0.0472092393827463,0.470634211701653,4.67100792751982,0.0173064122476148,0.031626689576511,0.465149359886202,4.34166266218164,0.0142570990927301,0.0155825498062353,0.00548485181545055,0.329345265338175,0.00304931315488476,0.742970436811447,0.257029563188553,"SF",3,13,"SEA",FALSE
"2025_18_NO_ATL","ATL","NO",-0.0246610569213534,0.442784256559767,4.20152652960729,0.0162945081472541,-0.0471066235824416,0.431934371656165,4.10307043949428,0.0146554780758776,0.0224455666610882,0.0108498849036022,0.0984560901130074,0.00163903007137652,0.745074063539505,0.254925936460495,"ATL",19,17,"ATL",TRUE
"2025_18_CLE_CIN","CIN","CLE",0.0269283548308645,0.459712961916601,4.18465941614196,0.0141541226690631,-0.0648381356081337,0.414558773034222,3.94016003711005,0.018005698005698,0.0917664904389982,0.0451541888823785,0.244499379031903,-0.00385157533663487,0.74996680021286,0.25003319978714,"CIN",18,20,"CLE",FALSE
"2025_18_IND_HOU","HOU","IND",-0.0408121691289122,0.417244567730005,4.02365339578454,0.0145943461273271,-0.00646622925378473,0.444497550483929,4.24183006535948,0.0162649887213582,-0.0343459398751274,-0.0272529827539242,-0.218176669574934,-0.00167064259403114,0.316147603094578,0.683852396905422,"IND",38,30,"HOU",FALSE
"2025_18_TEN_JAX","JAX","TEN",-0.0134969635943272,0.442601587489634,4.11988479539182,0.0183875530410184,-0.0276068580386039,0.434583934583935,3.93421052631579,0.015527950310559,0.0141098944442768,0.00801765290569934,0.185674269076026,0.00285960273045938,0.739257752895355,0.260742247104645,"JAX",41,7,"JAX",TRUE
"2025_18_GB_MIN","MIN","GB",-0.0146640261847865,0.440675963129284,4.27284688995215,0.0175046992481203,0.0700371541394731,0.471662981496567,4.56798297469851,0.0119006354708261,-0.0847011803242595,-0.0309870183672831,-0.295136084746357,0.00560406377729419,0.250579100218602,0.749420899781398,"GB",16,3,"MIN",FALSE
"2025_18_DAL_NYG","NYG","DAL",-0.0566224143688683,0.419798458802608,3.78365384615385,0.0150996814910935,0.0317798450601983,0.460626029654036,4.34685236768802,0.015174672489083,-0.0884022594290667,-0.0408275708514281,-0.563198521534176,-7.49909979894207e-05,0.250256996368989,0.749743003631011,"DAL",34,17,"NYG",FALSE
"2025_18_NYJ_BUF","BUF","NYJ",0.0985826462808477,0.487062566277837,4.66903531438415,0.0145232582614186,-0.0897729200332247,0.412631578947368,3.69141065830721,0.0177405445361587,0.188355566314072,0.0744309873304683,0.977624656076942,-0.00321728627474003,0.75,0.25,"BUF",35,8,"BUF",TRUE
"2025_18_DET_CHI","CHI","DET",-0.0331434552779648,0.426430996137188,3.97648735304596,0.0153667054714785,0.0375197136932062,0.460653474459273,4.58561923660558,0.0134903395449869,-0.070663168971171,-0.0342224783220846,-0.609131883559623,0.00187636592649161,0.251756261452101,0.748243738547899,"DET",16,19,"DET",TRUE
"2025_18_LAC_DEN","DEN","LAC",-0.0234766567778631,0.426314548455553,4.02808317399618,0.0158246395498769,-0.0102479865610918,0.43659729330149,4.20592985694509,0.0131206877050107,-0.0132286702167713,-0.0102827448459369,-0.17784668294891,0.00270395184486617,0.638783097267151,0.361216902732849,"DEN",19,3,"DEN",TRUE
"2025_18_ARI_LA","LA","ARI",0.0120455516850395,0.459982601130926,4.41393758959091,0.013935400237658,-0.0111825944722607,0.441670555296314,4.17971151572476,0.0141564168020422,0.0232281461573002,0.0183120458346129,0.234226073866157,-0.000221016564384249,0.745539516210556,0.254460483789444,"LA",37,20,"LA",TRUE
"2025_18_KC_LV","LV","KC",-0.0483958393801111,0.435959990241522,4.07254974663206,0.0185612034453476,0.0801877463910782,0.480596088171375,4.56825097051726,0.0136648515360115,-0.128583585771189,-0.044636097929853,-0.495701223885199,0.00489635190933606,0.250009749963283,0.749990250036717,"KC",14,12,"LV",FALSE
"2025_18_MIA_NE","NE","MIA",-0.0316036006925719,0.444192431658112,4.13384113166485,0.0173211531617036,0.00146630600918314,0.448505385453225,4.26937224129475,0.0167107477759077,-0.0330699067017551,-0.00431295379511371,-0.135531109629899,0.000610405385795973,0.390519008040428,0.609480991959572,"MIA",38,10,"NE",FALSE
"2025_18_WAS_PHI","PHI","WAS",0.0330992112869738,0.450696619505346,4.28943908851884,0.0134105782641347,-0.0100884216372913,0.445845272206304,4.04357425052289,0.0167635990420801,0.0431876329242652,0.00485134729904246,0.245864837995952,-0.00335302077794531,0.748678892850876,0.251321107149124,"PHI",17,24,"WAS",FALSE
"2025_18_BAL_PIT","PIT","BAL",-0.0214518915871904,0.432562952742325,3.91918367346939,0.0130062749572162,0.0537050187605786,0.469784909525435,4.59785368105239,0.0149152542372881,-0.0751569103477689,-0.0372219567831104,-0.678670007583001,-0.00190897928007194,0.251300746691413,0.748699253308587,"BAL",26,24,"PIT",FALSE
"2025_19_LA_CAR","CAR","LA",-0.057370200580685,0.430196990089318,3.82022054268368,0.0170544524302595,0.0120455516850395,0.459982601130926,4.41393758959091,0.013935400237658,-0.0694157522657245,-0.029785611041608,-0.593717046907232,0.00311905219260148,0.251899409224279,0.748100590775721,"LA",31,34,"LA",TRUE
"2025_19_GB_CHI","CHI","GB",-0.0331434552779648,0.426430996137188,3.97648735304596,0.0153667054714785,0.0700371541394731,0.471662981496567,4.56798297469851,0.0119006354708261,-0.103180609417438,-0.0452319853593787,-0.591495621652554,0.00346607000065235,0.25008669912495,0.74991330087505,"GB",31,27,"CHI",FALSE
"2025_19_BUF_JAX","JAX","BUF",-0.0134969635943272,0.442601587489634,4.11988479539182,0.0183875530410184,0.0985826462808477,0.487062566277837,4.66903531438415,0.0145232582614186,-0.112079609875175,-0.0444609787882028,-0.549150518992336,0.00386429477959974,0.250053188763559,0.749946811236441,"BUF",24,27,"BUF",TRUE
"2025_19_SF_PHI","PHI","SF",0.0330992112869738,0.450696619505346,4.28943908851884,0.0134105782641347,0.0472092393827463,0.470634211701653,4.67100792751982,0.0173064122476148,-0.0141100280957725,-0.0199375921963064,-0.381568839000976,-0.00389583398348007,0.681099891662598,0.318900108337402,"PHI",19,23,"SF",FALSE
"2025_19_LAC_NE","NE","LAC",-0.0316036006925719,0.444192431658112,4.13384113166485,0.0173211531617036,-0.0102479865610918,0.43659729330149,4.20592985694509,0.0131206877050107,-0.0213556141314801,0.00759513835662168,-0.0720887252802331,0.0042004654566929,0.57465934753418,0.42534065246582,"NE",16,3,"NE",TRUE
"2025_19_HOU_PIT","PIT","HOU",-0.0214518915871904,0.432562952742325,3.91918367346939,0.0130062749572162,-0.0408121691289122,0.417244567730005,4.02365339578454,0.0145943461273271,0.0193602775417218,0.0153183850123203,-0.104469722315156,-0.00158807117011085,0.740480691194534,0.259519308805466,"PIT",6,30,"HOU",FALSE
"2025_20_BUF_DEN","DEN","BUF",-0.0234766567778631,0.426314548455553,4.02808317399618,0.0158246395498769,0.0985826462808477,0.487062566277837,4.66903531438415,0.0145232582614186,-0.122059303058711,-0.0607480178222837,-0.640952140387975,0.00130138128845827,0.250015027839254,0.749984972160746,"BUF",33,30,"DEN",FALSE
"2025_20_SF_SEA","SEA","SF",0.031626689576511,0.465149359886202,4.34166266218164,0.0142570990927301,0.0472092393827463,0.470634211701653,4.67100792751982,0.0173064122476148,-0.0155825498062353,-0.00548485181545055,-0.329345265338175,-0.00304931315488476,0.690033227205276,0.309966772794724,"SEA",41,6,"SEA",TRUE
"2025_20_HOU_NE","NE","HOU",-0.0316036006925719,0.444192431658112,4.13384113166485,0.0173211531617036,-0.0408121691289122,0.417244567730005,4.02365339578454,0.0145943461273271,0.00920856843634022,0.0269478639281069,0.110187735880309,0.00272680703437659,0.733666777610779,0.266333222389221,"NE",28,16,"NE",TRUE
"2025_20_LA_CHI","CHI","LA",-0.0331434552779648,0.426430996137188,3.97648735304596,0.0153667054714785,0.0120455516850395,0.459982601130926,4.41393758959091,0.013935400237658,-0.0451890069630043,-0.0335516049937382,-0.437450236544958,0.00143130523382047,0.272998237982392,0.727001762017608,"LA",17,20,"LA",TRUE
"2025_21_NE_DEN","DEN","NE",-0.0234766567778631,0.426314548455553,4.02808317399618,0.0158246395498769,-0.0316036006925719,0.444192431658112,4.13384113166485,0.0173211531617036,0.00812694391470884,-0.0178778832025586,-0.105757957668676,-0.00149651361182672,0.726887136697769,0.273112863302231,"DEN",7,10,"NE",FALSE
"2025_21_LA_SEA","SEA","LA",0.031626689576511,0.465149359886202,4.34166266218164,0.0142570990927301,0.0120455516850395,0.459982601130926,4.41393758959091,0.013935400237658,0.0195811378914715,0.0051667587552755,-0.0722749274092713,0.000321698855072069,0.744198650121689,0.255801349878311,"SEA",31,27,"SEA",TRUE
"2025_22_SEA_NE","NE","SEA",-0.0316036006925719,0.444192431658112,4.13384113166485,0.0173211531617036,0.031626689576511,0.465149359886202,4.34166266218164,0.0142570990927301,-0.0632302902690829,-0.0209569282280905,-0.207821530516791,0.00306405406897358,0.254416217561811,0.745583782438189,"SEA",13,29,"SEA",TRUE
